row,frames,render_passes,compute_passes,target_pixels,draws,draws_direct,draws_indirect,indirect_calls,indirect_unread,draws_nonempty,triangles,triangles_direct,triangles_indirect,vertices_direct,dispatches,render_pipelines_new,compute_pipelines_new,shader_modules_new,bind_groups_new,buffers_new,buffer_bytes_new,textures_new,texture_bytes_new,upload_bytes,submits,bundles_executed,gpu_passes_with_stats,gpu_vertex_invocations,gpu_clipper_invocations,gpu_clipper_primitives_out,gpu_fragment_invocations,live_buffers,live_buffer_bytes,live_textures,live_texture_bytes,hal_buffer_memory,hal_texture_memory,hal_memory_allocations,hal_buffers,hal_textures,hal_texture_views,hal_bind_groups,hal_render_pipelines,hal_compute_pipelines,hal_shader_modules,hal_samplers,cache_pipelines_ok,cache_pipelines_waiting,cache_pipelines_err
warmup,4,28,28,79831040,1848,4,1844,24,0,1848,654004,4,654000,12,76,7,3,24,113,66,2316876,7,222954496,185760,8,0,0,0,0,0,0,69,11934184,29,242088412,0,0,0,78,29,71,56,8,36,43,30,42,0,0
flight-0000,1,7,7,19957760,462,1,461,6,0,462,163501,1,163500,3,19,0,0,0,28,5,509488,0,0,29480,2,0,0,0,0,0,0,69,11934184,29,242088412,0,0,0,78,29,71,56,8,36,43,30,42,0,0
flight-0001,1,7,7,19957760,457,1,456,6,0,457,163397,1,163396,3,19,0,0,0,28,5,509488,0,0,29400,2,0,0,0,0,0,0,69,11934184,29,242088412,0,0,0,78,29,71,56,8,36,43,30,42,0,0
flight-0002,1,7,7,19957760,452,1,451,6,0,452,163253,1,163252,3,19,0,0,0,28,12,598728,0,0,29336,2,0,0,0,0,0,0,69,11934688,29,242088412,0,0,0,78,29,71,56,8,36,43,30,42,0,0
flight-0003,1,7,7,19957760,447,1,446,6,0,447,163117,1,163116,3,19,0,0,0,28,12,601048,0,0,29296,2,0,0,0,0,0,0,69,11937464,29,242088412,0,0,0,78,29,71,56,8,36,43,30,42,0,0
flight-0004,1,7,7,19957760,443,1,442,6,0,443,163049,1,163048,3,19,0,0,0,28,5,509488,0,0,29232,2,0,0,0,0,0,0,69,11937464,29,242088412,0,0,0,78,29,71,56,8,36,43,30,42,0,0
flight-0005,1,7,7,19957760,445,1,444,6,0,445,163141,1,163140,3,19,0,0,0,28,8,510428,0,0,29272,2,0,0,0,0,0,0,69,11937504,29,242088412,0,0,0,78,29,71,56,8,36,43,30,42,0,0
flight-0006,1,7,7,19957760,448,1,447,6,0,448,163201,1,163200,3,19,0,0,0,28,5,509488,0,0,29320,2,0,0,0,0,0,0,69,11937504,29,242088412,0,0,0,78,29,71,56,8,36,43,30,42,0,0
flight-0007,1,7,7,19957760,427,1,426,6,0,427,155413,1,155412,3,19,0,0,0,28,5,509488,0,0,28984,2,0,0,0,0,0,0,69,11937504,29,242088412,0,0,0,78,29,71,56,8,36,43,30,42,0,0
flight-0008,1,7,7,19957760,417,1,416,6,0,417,155233,1,155232,3,19,0,0,0,28,6,509856,0,0,28824,2,0,0,0,0,0,0,69,11937512,29,242088412,0,0,0,78,29,71,56,8,36,43,30,42,0,0
flight-0009,1,7,7,19957760,421,1,420,6,0,421,155313,1,155312,3,19,0,0,0,28,5,509488,0,0,28888,2,0,0,0,0,0,0,69,11937512,29,242088412,0,0,0,78,29,71,56,8,36,43,30,42,0,0
flight-0010,1,7,7,19957760,419,1,418,6,0,419,155321,1,155320,3,19,0,0,0,28,6,509864,0,0,28856,2,0,0,0,0,0,0,69,11937520,29,242088412,0,0,0,78,29,71,56,8,36,43,30,42,0,0
flight-0011,1,7,7,19957760,402,1,401,6,0,402,155093,1,155092,3,19,0,0,0,28,8,510488,0,0,28596,2,0,0,0,0,0,0,69,11937580,29,242088412,0,0,0,78,29,71,56,8,36,43,30,42,0,0
flight-0012,1,7,7,19957760,504,1,503,6,0,504,172989,1,172988,3,19,0,0,0,28,19,621040,0,0,30356,2,0,0,0,0,0,0,69,11946780,29,242088412,0,0,0,78,29,71,56,8,36,43,30,42,0,0
flight-0013,1,7,7,19957760,556,1,555,6,0,556,173933,1,173932,3,19,0,0,0,28,19,633144,0,0,31404,2,0,0,0,0,0,0,69,11965500,29,242088412,0,0,0,78,29,71,56,8,36,43,30,42,0,0
flight-0014,1,7,7,19957760,557,1,556,6,0,557,173957,1,173956,3,19,0,0,0,28,17,631092,0,0,31428,2,0,0,0,0,0,0,69,11977208,29,242088412,0,0,0,78,29,71,56,8,36,43,30,42,0,0
flight-0015,1,7,7,19957760,559,1,558,6,0,559,173997,1,173996,3,19,0,0,0,28,12,540344,0,0,31468,2,0,0,0,0,0,0,69,11978112,29,242088412,0,0,0,78,29,71,56,8,36,43,30,42,0,0
flight-0016,1,7,7,19957760,556,1,555,6,0,556,173917,1,173916,3,19,0,0,0,28,5,509488,0,0,31420,2,0,0,0,0,0,0,69,11978112,29,242088412,0,0,0,78,29,71,56,8,36,43,30,42,0,0
flight-0017,1,7,7,19957760,557,1,556,6,0,557,173929,1,173928,3,19,0,0,0,28,5,509488,0,0,31436,2,0,0,0,0,0,0,69,11978112,29,242088412,0,0,0,78,29,71,56,8,36,43,30,42,0,0
flight-0018,1,7,7,19957760,559,1,558,6,0,559,174165,1,174164,3,19,0,0,0,28,14,628416,0,0,31468,2,0,0,0,0,0,0,69,11978544,29,242088412,0,0,0,78,29,71,56,8,36,43,30,42,0,0
flight-0019,1,7,7,19957760,558,1,557,6,0,558,174153,1,174152,3,19,0,0,0,28,9,599588,0,0,31452,2,0,0,0,0,0,0,69,11978756,29,242088412,0,0,0,78,29,71,56,8,36,43,30,42,0,0
flight-0020,1,7,7,19957760,558,1,557,6,0,558,174169,1,174168,3,19,0,0,0,28,5,509488,0,0,31452,2,0,0,0,0,0,0,69,11978756,29,242088412,0,0,0,78,29,71,56,8,36,43,30,42,0,0
flight-0021,1,7,7,19957760,550,1,549,6,0,550,173985,1,173984,3,19,0,0,0,28,5,509488,0,0,31324,2,0,0,0,0,0,0,69,11978756,29,242088412,0,0,0,78,29,71,56,8,36,43,30,42,0,0
flight-0022,1,7,7,19957760,554,1,553,6,0,554,174965,1,174964,3,19,0,0,0,28,9,599588,0,0,31388,2,0,0,0,0,0,0,69,11978968,29,242088412,0,0,0,78,29,71,56,8,36,43,30,42,0,0
flight-0023,1,7,7,19957760,557,1,556,6,0,557,175009,1,175008,3,19,0,0,0,28,9,600436,0,0,31436,2,0,0,0,0,0,0,69,11979816,29,242088412,0,0,0,78,29,71,56,8,36,43,30,42,0,0
flight-0024,1,7,7,19957760,550,1,549,6,0,550,164541,1,164540,3,19,0,0,0,28,9,600436,0,0,31324,2,0,0,0,0,0,0,69,11980664,29,242088412,0,0,0,78,29,71,56,8,36,43,30,42,0,0
flight-0025,1,7,7,19957760,549,1,548,6,0,549,164497,1,164496,3,19,0,0,0,28,12,602940,0,0,31312,2,0,0,0,0,0,0,69,11982168,29,242088412,0,0,0,78,29,71,56,8,36,43,30,42,0,0
flight-0026,1,7,7,19957760,551,1,550,6,0,551,164509,1,164508,3,19,0,0,0,28,12,603424,0,0,31356,2,0,0,0,0,0,0,69,11984168,29,242088412,0,0,0,78,29,71,56,8,36,43,30,42,0,0
flight-0027,1,7,7,19957760,547,1,546,6,0,547,164433,1,164432,3,19,0,0,0,28,10,602776,0,0,31292,2,0,0,0,0,0,0,69,11984616,29,242088412,0,0,0,78,29,71,56,8,36,43,30,42,0,0
flight-0028,1,7,7,19957760,541,1,540,6,0,541,164249,1,164248,3,19,0,0,0,28,5,509488,0,0,31196,2,0,0,0,0,0,0,69,11984616,29,242088412,0,0,0,78,29,71,56,8,36,43,30,42,0,0
flight-0029,1,7,7,19957760,536,1,535,6,0,536,164105,1,164104,3,19,0,0,0,28,8,510628,0,0,31128,2,0,0,0,0,0,0,69,11984676,29,242088412,0,0,0,78,29,71,56,8,36,43,30,42,0,0
flight-0030,1,7,7,19957760,548,1,547,6,0,548,164425,1,164424,3,19,0,0,0,28,12,604592,0,0,31372,2,0,0,0,0,0,0,69,11985808,29,242088412,0,0,0,78,29,71,56,8,36,43,30,42,0,0
flight-0031,1,7,7,19957760,559,1,558,6,0,559,164661,1,164660,3,19,0,0,0,28,12,606296,0,0,31592,2,0,0,0,0,0,0,69,11988464,29,242088412,0,0,0,78,29,71,56,8,36,43,30,42,0,0
flight-0032,1,7,7,19957760,565,1,564,6,0,565,164821,1,164820,3,19,0,0,0,28,12,607224,0,0,31704,2,0,0,0,0,0,0,69,11990964,29,242088412,0,0,0,78,29,71,56,8,36,43,30,42,0,0
flight-0033,1,7,7,19957760,562,1,561,6,0,562,164813,1,164812,3,19,0,0,0,28,9,605100,0,0,31656,2,0,0,0,0,0,0,69,11991388,29,242088412,0,0,0,78,29,71,56,8,36,43,30,42,0,0
flight-0034,1,7,7,19957760,555,1,554,6,0,555,164005,1,164004,3,19,0,0,0,28,5,509488,0,0,31544,2,0,0,0,0,0,0,69,11991388,29,242088412,0,0,0,78,29,71,56,8,36,43,30,42,0,0
flight-0035,1,7,7,19957760,560,1,559,6,0,560,154465,1,154464,3,19,0,0,0,28,12,607788,0,0,31652,2,0,0,0,0,0,0,69,11992408,29,242088412,0,0,0,78,29,71,56,8,36,43,30,42,0,0
flight-0036,1,7,7,19957760,556,1,555,6,0,556,147053,1,147052,3,19,0,0,0,28,8,511368,0,0,31596,2,0,0,0,0,0,0,69,11992504,29,242088412,0,0,0,78,29,71,56,8,36,43,30,42,0,0
flight-0037,1,7,7,19957760,551,1,550,6,0,551,146969,1,146968,3,19,0,0,0,28,8,511408,0,0,31524,2,0,0,0,0,0,0,69,11992560,29,242088412,0,0,0,78,29,71,56,8,36,43,30,42,0,0
flight-0038,1,7,7,19957760,544,1,543,6,0,544,146865,1,146864,3,19,0,0,0,28,6,510248,0,0,31412,2,0,0,0,0,0,0,69,11992568,29,242088412,0,0,0,78,29,71,56,8,36,43,30,42,0,0
flight-0039,1,7,7,19957760,544,1,543,6,0,544,146889,1,146888,3,19,0,0,0,28,8,511428,0,0,31416,2,0,0,0,0,0,0,69,11992588,29,242088412,0,0,0,78,29,71,56,8,36,43,30,42,0,0
flight-0040,1,7,7,19957760,534,1,533,6,0,534,146781,1,146780,3,19,0,0,0,28,8,511488,0,0,31268,2,0,0,0,0,0,0,69,11992664,29,242088412,0,0,0,78,29,71,56,8,36,43,30,42,0,0
flight-0041,1,7,7,19957760,528,1,527,6,0,528,146657,1,146656,3,19,0,0,0,28,6,510288,0,0,31172,2,0,0,0,0,0,0,69,11992688,29,242088412,0,0,0,78,29,71,56,8,36,43,30,42,0,0
flight-0042,1,7,7,19957760,520,1,519,6,0,520,145609,1,145608,3,19,0,0,0,28,5,509488,0,0,31044,2,0,0,0,0,0,0,69,11992688,29,242088412,0,0,0,78,29,71,56,8,36,43,30,42,0,0
flight-0043,1,7,7,19957760,515,1,514,6,0,515,145469,1,145468,3,19,0,0,0,28,9,606372,0,0,30964,2,0,0,0,0,0,0,69,11993112,29,242088412,0,0,0,78,29,71,56,8,36,43,30,42,0,0
flight-0044,1,7,7,19957760,485,1,484,6,0,485,144901,1,144900,3,19,0,0,0,28,5,509488,0,0,30484,2,0,0,0,0,0,0,69,11993112,29,242088412,0,0,0,78,29,71,56,8,36,43,30,42,0,0
flight-0045,1,7,7,19957760,447,1,446,6,0,447,136921,1,136920,3,19,0,0,0,28,5,509488,0,0,29876,2,0,0,0,0,0,0,69,11993112,29,242088412,0,0,0,78,29,71,56,8,36,43,30,42,0,0
flight-0046,1,7,7,19957760,384,1,383,6,0,384,125381,1,125380,3,19,0,0,0,28,5,509488,0,0,28868,2,0,0,0,0,0,0,69,11993112,29,242088412,0,0,0,78,29,71,56,8,36,43,30,42,0,0
flight-0047,1,7,7,19957760,471,1,470,6,0,471,137513,1,137512,3,19,0,0,0,28,5,509488,0,0,54964,2,0,0,0,0,0,0,69,11993112,29,242088412,0,0,0,78,29,71,56,8,36,43,30,42,0,0
flight-0048,1,7,7,19957760,533,1,532,6,0,533,173681,1,173680,3,19,0,0,0,28,9,607856,0,0,31252,2,0,0,0,0,0,0,69,11995444,29,242088412,0,0,0,78,29,71,56,8,36,43,30,42,0,0
flight-0049,1,7,7,19957760,567,1,566,6,0,567,175241,1,175240,3,19,0,0,0,28,9,608704,0,0,31796,2,0,0,0,0,0,0,69,11997776,29,242088412,0,0,0,78,29,71,56,8,36,43,30,42,0,0
flight-0050,1,7,7,19957760,550,1,549,6,0,550,174817,1,174816,3,19,0,0,0,28,5,509488,0,0,31524,2,0,0,0,0,0,0,69,11997776,29,242088412,0,0,0,78,29,71,56,8,36,43,30,42,0,0
flight-0051,1,7,7,19957760,537,1,536,6,0,537,173597,1,173596,3,19,0,0,0,28,5,509488,0,0,31316,2,0,0,0,0,0,0,69,11997776,29,242088412,0,0,0,78,29,71,56,8,36,43,30,42,0,0
flight-0052,1,7,7,19957760,529,1,528,6,0,529,173437,1,173436,3,19,0,0,0,28,5,509488,0,0,31188,2,0,0,0,0,0,0,69,11997776,29,242088412,0,0,0,78,29,71,56,8,36,43,30,42,0,0
flight-0053,1,7,7,19957760,525,1,524,6,0,525,173385,1,173384,3,19,0,0,0,28,5,509488,0,0,31124,2,0,0,0,0,0,0,69,11997776,29,242088412,0,0,0,78,29,71,56,8,36,43,30,42,0,0
flight-0054,1,7,7,19957760,521,1,520,6,0,521,173309,1,173308,3,19,0,0,0,28,5,509488,0,0,31060,2,0,0,0,0,0,0,69,11997776,29,242088412,0,0,0,78,29,71,56,8,36,43,30,42,0,0
flight-0055,1,7,7,19957760,522,1,521,6,0,522,173377,1,173376,3,19,0,0,0,28,5,509488,0,0,31076,2,0,0,0,0,0,0,69,11997776,29,242088412,0,0,0,78,29,71,56,8,36,43,30,42,0,0
flight-0056,1,7,7,19957760,511,1,510,6,0,511,172925,1,172924,3,19,0,0,0,28,5,509488,0,0,30900,2,0,0,0,0,0,0,69,11997776,29,242088412,0,0,0,78,29,71,56,8,36,43,30,42,0,0
flight-0057,1,7,7,19957760,503,1,502,6,0,503,172785,1,172784,3,19,0,0,0,28,5,509488,0,0,30772,2,0,0,0,0,0,0,69,11997776,29,242088412,0,0,0,78,29,71,56,8,36,43,30,42,0,0
flight-0058,1,7,7,19957760,490,1,489,6,0,490,171593,1,171592,3,19,0,0,0,28,5,509488,0,0,30564,2,0,0,0,0,0,0,69,11997776,29,242088412,0,0,0,78,29,71,56,8,36,43,30,42,0,0
flight-0059,1,7,7,19957760,473,1,472,6,0,473,164093,1,164092,3,19,0,0,0,28,5,509488,0,0,30292,2,0,0,0,0,0,0,69,11997776,29,242088412,0,0,0,78,29,71,56,8,36,43,30,42,0,0
flight-0060,1,7,7,19957760,470,1,469,6,0,470,164045,1,164044,3,19,0,0,0,28,5,509488,0,0,30244,2,0,0,0,0,0,0,69,11997776,29,242088412,0,0,0,78,29,71,56,8,36,43,30,42,0,0
flight-0061,1,7,7,19957760,463,1,462,6,0,463,153633,1,153632,3,19,0,0,0,28,5,509488,0,0,30132,2,0,0,0,0,0,0,69,11997776,29,242088412,0,0,0,78,29,71,56,8,36,43,30,42,0,0
flight-0062,1,7,7,19957760,460,1,459,6,0,460,153625,1,153624,3,19,0,0,0,28,5,509488,0,0,30084,2,0,0,0,0,0,0,69,11997776,29,242088412,0,0,0,78,29,71,56,8,36,43,30,42,0,0
flight-0063,1,7,7,19957760,456,1,455,6,0,456,153521,1,153520,3,19,0,0,0,28,5,509488,0,0,30020,2,0,0,0,0,0,0,69,11997776,29,242088412,0,0,0,78,29,71,56,8,36,43,30,42,0,0
flight-0064,1,7,7,19957760,452,1,451,6,0,452,153249,1,153248,3,19,0,0,0,28,5,509488,0,0,29956,2,0,0,0,0,0,0,69,11997776,29,242088412,0,0,0,78,29,71,56,8,36,43,30,42,0,0
flight-0065,1,7,7,19957760,440,1,439,6,0,440,152969,1,152968,3,19,0,0,0,28,5,509488,0,0,29764,2,0,0,0,0,0,0,69,11997776,29,242088412,0,0,0,78,29,71,56,8,36,43,30,42,0,0
flight-0066,1,7,7,19957760,448,1,447,6,0,448,153097,1,153096,3,19,0,0,0,28,5,509488,0,0,29892,2,0,0,0,0,0,0,69,11997776,29,242088412,0,0,0,78,29,71,56,8,36,43,30,42,0,0
flight-0067,1,7,7,19957760,458,1,457,6,0,458,163617,1,163616,3,19,0,0,0,28,5,509488,0,0,30052,2,0,0,0,0,0,0,69,11997776,29,242088412,0,0,0,78,29,71,56,8,36,43,30,42,0,0
flight-0068,1,7,7,19957760,460,1,459,6,0,460,163657,1,163656,3,19,0,0,0,28,5,509488,0,0,30084,2,0,0,0,0,0,0,69,11997776,29,242088412,0,0,0,78,29,71,56,8,36,43,30,42,0,0
flight-0069,1,7,7,19957760,453,1,452,6,0,453,163457,1,163456,3,19,0,0,0,28,5,509488,0,0,29972,2,0,0,0,0,0,0,69,11997776,29,242088412,0,0,0,78,29,71,56,8,36,43,30,42,0,0
flight-0070,1,7,7,19957760,440,1,439,6,0,440,152865,1,152864,3,19,0,0,0,28,5,509488,0,0,29764,2,0,0,0,0,0,0,69,11997776,29,242088412,0,0,0,78,29,71,56,8,36,43,30,42,0,0
flight-0071,1,7,7,19957760,419,1,418,6,0,419,152389,1,152388,3,19,0,0,0,28,5,509488,0,0,29428,2,0,0,0,0,0,0,69,11997776,29,242088412,0,0,0,78,29,71,56,8,36,43,30,42,0,0
flight-0072,1,7,7,19957760,406,1,405,6,0,406,151109,1,151108,3,19,0,0,0,28,5,509488,0,0,29220,2,0,0,0,0,0,0,69,11997776,29,242088412,0,0,0,78,29,71,56,8,36,43,30,42,0,0
flight-0073,1,7,7,19957760,409,1,408,6,0,409,144885,1,144884,3,19,0,0,0,28,5,509488,0,0,29268,2,0,0,0,0,0,0,69,11997776,29,242088412,0,0,0,78,29,71,56,8,36,43,30,42,0,0
flight-0074,1,7,7,19957760,408,1,407,6,0,408,155125,1,155124,3,19,0,0,0,28,5,509488,0,0,29252,2,0,0,0,0,0,0,69,11997776,29,242088412,0,0,0,78,29,71,56,8,36,43,30,42,0,0
flight-0075,1,7,7,19957760,424,1,423,6,0,424,155417,1,155416,3,19,0,0,0,28,5,509488,0,0,29508,2,0,0,0,0,0,0,69,11997776,29,242088412,0,0,0,78,29,71,56,8,36,43,30,42,0,0
flight-0076,1,7,7,19957760,450,1,449,6,0,450,156041,1,156040,3,19,0,0,0,28,5,509488,0,0,29924,2,0,0,0,0,0,0,69,11997776,29,242088412,0,0,0,78,29,71,56,8,36,43,30,42,0,0
flight-0077,1,7,7,19957760,457,1,456,6,0,457,156197,1,156196,3,19,0,0,0,28,5,509488,0,0,30036,2,0,0,0,0,0,0,69,11997776,29,242088412,0,0,0,78,29,71,56,8,36,43,30,42,0,0
flight-0078,1,7,7,19957760,452,1,451,6,0,452,156061,1,156060,3,19,0,0,0,28,5,509488,0,0,29956,2,0,0,0,0,0,0,69,11997776,29,242088412,0,0,0,78,29,71,56,8,36,43,30,42,0,0
flight-0079,1,7,7,19957760,432,1,431,6,0,432,155569,1,155568,3,19,0,0,0,28,5,509488,0,0,29636,2,0,0,0,0,0,0,69,11997776,29,242088412,0,0,0,78,29,71,56,8,36,43,30,42,0,0
flight-0080,1,7,7,19957760,445,1,444,6,0,445,155945,1,155944,3,19,0,0,0,28,5,509488,0,0,29844,2,0,0,0,0,0,0,69,11997776,29,242088412,0,0,0,78,29,71,56,8,36,43,30,42,0,0
flight-0081,1,7,7,19957760,432,1,431,6,0,432,155633,1,155632,3,19,0,0,0,28,5,509488,0,0,29636,2,0,0,0,0,0,0,69,11997776,29,242088412,0,0,0,78,29,71,56,8,36,43,30,42,0,0
flight-0082,1,7,7,19957760,414,1,413,6,0,414,155253,1,155252,3,19,0,0,0,28,5,509488,0,0,29348,2,0,0,0,0,0,0,69,11997776,29,242088412,0,0,0,78,29,71,56,8,36,43,30,42,0,0
flight-0083,1,7,7,19957760,372,1,371,6,0,372,153597,1,153596,3,19,0,0,0,28,5,509488,0,0,28676,2,0,0,0,0,0,0,69,11997776,29,242088412,0,0,0,78,29,71,56,8,36,43,30,42,0,0
flight-0084,1,7,7,19957760,383,1,382,6,0,383,144429,1,144428,3,19,0,0,0,28,5,509488,0,0,28852,2,0,0,0,0,0,0,69,11997776,29,242088412,0,0,0,78,29,71,56,8,36,43,30,42,0,0
flight-0085,1,7,7,19957760,357,1,356,6,0,357,143013,1,143012,3,19,0,0,0,28,5,509488,0,0,28436,2,0,0,0,0,0,0,69,11997776,29,242088412,0,0,0,78,29,71,56,8,36,43,30,42,0,0
flight-0086,1,7,7,19957760,352,1,351,6,0,352,142881,1,142880,3,19,0,0,0,28,5,509488,0,0,28356,2,0,0,0,0,0,0,69,11997776,29,242088412,0,0,0,78,29,71,56,8,36,43,30,42,0,0
flight-0087,1,7,7,19957760,346,1,345,6,0,346,142541,1,142540,3,19,0,0,0,28,5,509488,0,0,28260,2,0,0,0,0,0,0,69,11997776,29,242088412,0,0,0,78,29,71,56,8,36,43,30,42,0,0
flight-0088,1,7,7,19957760,345,1,344,6,0,345,142513,1,142512,3,19,0,0,0,28,5,509488,0,0,28244,2,0,0,0,0,0,0,69,11997776,29,242088412,0,0,0,78,29,71,56,8,36,43,30,42,0,0
flight-0089,1,7,7,19957760,339,1,338,6,0,339,142381,1,142380,3,19,0,0,0,28,5,509488,0,0,28148,2,0,0,0,0,0,0,69,11997776,29,242088412,0,0,0,78,29,71,56,8,36,43,30,42,0,0
flight-0090,1,7,7,19957760,334,1,333,6,0,334,142249,1,142248,3,19,0,0,0,28,5,509488,0,0,28068,2,0,0,0,0,0,0,69,11997776,29,242088412,0,0,0,78,29,71,56,8,36,43,30,42,0,0
flight-0091,1,7,7,19957760,330,1,329,6,0,330,142173,1,142172,3,19,0,0,0,28,5,509488,0,0,28004,2,0,0,0,0,0,0,69,11997776,29,242088412,0,0,0,78,29,71,56,8,36,43,30,42,0,0
flight-0092,1,7,7,19957760,331,1,330,6,0,331,119353,1,119352,3,19,0,0,0,28,5,509488,0,0,28020,2,0,0,0,0,0,0,69,11997776,29,242088412,0,0,0,78,29,71,56,8,36,43,30,42,0,0
flight-0093,1,7,7,19957760,509,1,508,6,0,509,164541,1,164540,3,19,0,0,0,28,5,509488,0,0,30868,2,0,0,0,0,0,0,69,11997776,29,242088412,0,0,0,78,29,71,56,8,36,43,30,42,0,0
flight-0094,1,7,7,19957760,550,1,549,6,0,550,166377,1,166376,3,19,0,0,0,28,5,509488,0,0,31524,2,0,0,0,0,0,0,69,11997776,29,242088412,0,0,0,78,29,71,56,8,36,43,30,42,0,0
flight-0095,1,7,7,19957760,564,1,563,6,0,564,166865,1,166864,3,19,0,0,0,28,12,541040,0,0,31760,2,0,0,0,0,0,0,69,11998472,29,242088412,0,0,0,78,29,71,56,8,36,43,30,42,0,0
flight-0096,1,7,7,19957760,565,1,564,6,0,565,166877,1,166876,3,19,0,0,0,28,12,541272,0,0,31780,2,0,0,0,0,0,0,69,11999584,29,242088412,0,0,0,78,29,71,56,8,36,43,30,42,0,0
flight-0097,1,7,7,19957760,572,1,571,6,0,572,167005,1,167004,3,19,0,0,0,28,12,542200,0,0,31908,2,0,0,0,0,0,0,69,12000732,29,242088412,0,0,0,78,29,71,56,8,36,43,30,42,0,0
flight-0098,1,7,7,19957760,575,1,574,6,0,575,167041,1,167040,3,19,0,0,0,28,10,540508,0,0,31956,2,0,0,0,0,0,0,69,12001612,29,242088412,0,0,0,78,29,71,56,8,36,43,30,42,0,0
flight-0099,1,7,7,19957760,577,1,576,6,0,577,167097,1,167096,3,19,0,0,0,28,12,542664,0,0,31996,2,0,0,0,0,0,0,69,12002076,29,242088412,0,0,0,78,29,71,56,8,36,43,30,42,0,0
flight-0100,1,7,7,19957760,573,1,572,6,0,573,166993,1,166992,3,19,0,0,0,28,5,509488,0,0,31932,2,0,0,0,0,0,0,69,12002076,29,242088412,0,0,0,78,29,71,56,8,36,43,30,42,0,0
flight-0101,1,7,7,19957760,567,1,566,6,0,567,166853,1,166852,3,19,0,0,0,28,5,509488,0,0,31836,2,0,0,0,0,0,0,69,12002076,29,242088412,0,0,0,78,29,71,56,8,36,43,30,42,0,0
flight-0102,1,7,7,19957760,572,1,571,6,0,572,166977,1,166976,3,19,0,0,0,28,5,509488,0,0,31916,2,0,0,0,0,0,0,69,12002076,29,242088412,0,0,0,78,29,71,56,8,36,43,30,42,0,0
flight-0103,1,7,7,19957760,570,1,569,6,0,570,166973,1,166972,3,19,0,0,0,28,5,509488,0,0,31884,2,0,0,0,0,0,0,69,12002076,29,242088412,0,0,0,78,29,71,56,8,36,43,30,42,0,0
flight-0104,1,7,7,19957760,572,1,571,6,0,572,167029,1,167028,3,19,0,0,0,28,5,509488,0,0,31916,2,0,0,0,0,0,0,69,12002076,29,242088412,0,0,0,78,29,71,56,8,36,43,30,42,0,0
flight-0105,1,7,7,19957760,570,1,569,6,0,570,174245,1,174244,3,19,0,0,0,28,5,509488,0,0,31884,2,0,0,0,0,0,0,69,12002076,29,242088412,0,0,0,78,29,71,56,8,36,43,30,42,0,0
flight-0106,1,7,7,19957760,566,1,565,6,0,566,174169,1,174168,3,19,0,0,0,28,5,509488,0,0,31820,2,0,0,0,0,0,0,69,12002076,29,242088412,0,0,0,78,29,71,56,8,36,43,30,42,0,0
flight-0107,1,7,7,19957760,563,1,562,6,0,563,174081,1,174080,3,19,0,0,0,28,5,509488,0,0,31772,2,0,0,0,0,0,0,69,12002076,29,242088412,0,0,0,78,29,71,56,8,36,43,30,42,0,0
flight-0108,1,7,7,19957760,558,1,557,6,0,558,173965,1,173964,3,19,0,0,0,28,5,509488,0,0,31692,2,0,0,0,0,0,0,69,12002076,29,242088412,0,0,0,78,29,71,56,8,36,43,30,42,0,0
flight-0109,1,7,7,19957760,561,1,560,6,0,561,174017,1,174016,3,19,0,0,0,28,5,509488,0,0,31740,2,0,0,0,0,0,0,69,12002076,29,242088412,0,0,0,78,29,71,56,8,36,43,30,42,0,0
flight-0110,1,7,7,19957760,560,1,559,6,0,560,173985,1,173984,3,19,0,0,0,28,5,509488,0,0,31724,2,0,0,0,0,0,0,69,12002076,29,242088412,0,0,0,78,29,71,56,8,36,43,30,42,0,0
flight-0111,1,7,7,19957760,555,1,554,6,0,555,173845,1,173844,3,19,0,0,0,28,5,509488,0,0,31644,2,0,0,0,0,0,0,69,12002076,29,242088412,0,0,0,78,29,71,56,8,36,43,30,42,0,0
flight-0112,1,7,7,19957760,550,1,549,6,0,550,173709,1,173708,3,19,0,0,0,28,5,509488,0,0,31564,2,0,0,0,0,0,0,69,12002076,29,242088412,0,0,0,78,29,71,56,8,36,43,30,42,0,0
flight-0113,1,7,7,19957760,554,1,553,6,0,554,174017,1,174016,3,19,0,0,0,28,5,509488,0,0,31628,2,0,0,0,0,0,0,69,12002076,29,242088412,0,0,0,78,29,71,56,8,36,43,30,42,0,0
flight-0114,1,7,7,19957760,550,1,549,6,0,550,173937,1,173936,3,19,0,0,0,28,5,509488,0,0,31564,2,0,0,0,0,0,0,69,12002076,29,242088412,0,0,0,78,29,71,56,8,36,43,30,42,0,0
flight-0115,1,7,7,19957760,545,1,544,6,0,545,173841,1,173840,3,19,0,0,0,28,5,509488,0,0,31484,2,0,0,0,0,0,0,69,12002076,29,242088412,0,0,0,78,29,71,56,8,36,43,30,42,0,0
flight-0116,1,7,7,19957760,545,1,544,6,0,545,173801,1,173800,3,19,0,0,0,28,5,509488,0,0,31484,2,0,0,0,0,0,0,69,12002076,29,242088412,0,0,0,78,29,71,56,8,36,43,30,42,0,0
flight-0117,1,7,7,19957760,550,1,549,6,0,550,174809,1,174808,3,19,0,0,0,28,5,509488,0,0,31564,2,0,0,0,0,0,0,69,12002076,29,242088412,0,0,0,78,29,71,56,8,36,43,30,42,0,0
flight-0118,1,7,7,19957760,511,1,510,6,0,511,151645,1,151644,3,19,0,0,0,28,5,509488,0,0,30940,2,0,0,0,0,0,0,69,12002076,29,242088412,0,0,0,78,29,71,56,8,36,43,30,42,0,0
flight-0119,1,7,7,19957760,490,1,489,6,0,490,151209,1,151208,3,19,0,0,0,28,5,509488,0,0,30604,2,0,0,0,0,0,0,69,12002076,29,242088412,0,0,0,78,29,71,56,8,36,43,30,42,0,0
