# The DualSense over USB: the end of fast circles on both sticks, then hands off.
# Its motion sensors were off, so it has no heartbeat and reports only changes.
# Made from crates/input/tests/traces/dualsense-let-go-27.csv (its header says which run and stretch), through the
# built-in Pack's Input Device profile, uncalibrated, by crates/input/tests/input_tracks.rs.
# Device: DualSense Wireless Controller; heartbeat: off.
# Times are Simulation Time at 8 kHz from the trace's first poll; Channels in µs.
time (s),roll (µs),pitch (µs),throttle (µs),yaw (µs),arm (µs),flight mode (µs),crash flip (µs),event
0,1051.405,1800.651,1787.125,1089.447,988,988,988,
0.003875,1080.993,1821.786,1811.219,1106.355,,,,
0.007875,1085.22,1842.921,1835.312,1119.036,,,,
0.012,1093.674,1859.829,1843.344,1127.49,,,,
0.01575,1097.901,1876.737,1851.375,1135.944,,,,
0.019875,1102.128,1885.191,,1140.171,,,,
0.023875,1106.355,1893.645,1867.438,1152.852,,,,
0.028,,1902.099,1883.5,1161.306,,,,
0.03175,1140.171,1910.553,1899.562,1169.76,,,,
0.035875,1144.398,1914.78,1915.625,1178.214,,,,
0.039875,,1919.007,1931.688,1190.895,,,,
0.044,1148.625,,1947.75,1203.576,,,,
0.048,,1931.688,1955.781,1216.257,,,,
0.051875,,1944.368,1971.844,1233.164,,,,
0.055875,1152.852,1948.595,1979.875,1254.299,,,,
0.06,1157.079,1952.822,1995.938,1279.661,,,,
0.06375,1186.668,1961.276,2012,1305.023,,,,
0.067875,1190.895,1965.503,,1330.385,,,,
0.071875,1195.122,1969.73,,1355.747,,,,
0.076,,1973.957,,1381.109,,,,
0.08,1199.349,1982.411,,1414.924,,,,
0.08375,1207.803,1986.638,,1440.286,,,,
0.087875,1241.618,,,1465.648,,,,
0.091875,1245.845,1990.865,,1499.464,,,,
0.096,,1999.319,,1500,,,,
0.09975,1250.072,2003.546,,1508.974,,,,
0.103875,1283.888,2007.773,,1517.428,,,,
0.107875,,2012,,1530.11,,,,
0.112,1288.115,,,1547.018,,,,
0.115875,1296.569,,,1559.699,,,,
0.119875,1326.158,,,1563.926,,,,
0.124,1283.888,,,1568.154,,,,
0.12775,1330.385,,,1572.381,,,,
0.131875,1347.293,,,1576.608,,,,
0.136,1351.52,,,,,,,
0.14,1326.158,,,1580.835,,,,
0.143875,1351.52,,,,,,,
0.148,,,,1585.062,,,,
0.152,1389.562,,,,,,,
0.155875,1431.832,,,,,,,
0.159875,1500,,,,,,,
0.164,1525.882,,,,,,,
0.167875,1534.337,,,,,,,
0.172,1555.472,,,1589.289,,,,
0.176,1597.743,,,,,,,
0.179875,,,,1593.516,,,,
0.183875,1618.879,,,,,,,
0.18775,1627.333,2003.546,,1601.97,,,,
0.191875,1648.469,1999.319,,1606.197,,,,
0.196,1669.604,1986.638,,1610.425,,,,
0.200125,1694.967,1982.411,,1618.879,,,,
0.203875,1703.421,1969.73,,1627.333,,,,
0.208,1720.329,1961.276,,1640.014,,,,
0.212,1733.011,1952.822,,1652.696,,,,
0.21575,1745.692,1944.368,,1673.831,,,,
0.219875,1754.146,1923.234,,1690.74,,,,
0.223875,1762.601,1914.78,2003.969,1707.648,,,,
0.228,1775.282,1906.326,1987.906,1724.557,,,,
0.23175,1783.736,1897.872,1979.875,1741.465,,,,
0.235875,1796.417,1885.191,1963.812,1754.146,,,,
0.239875,1809.099,1880.964,1955.781,1771.055,,,,
0.244,1826.007,1868.283,1947.75,1787.963,,,,
0.24775,1834.461,1855.602,1923.656,1804.872,,,,
0.251875,1842.916,1842.921,1907.594,1813.326,,,,
0.256,1851.37,1830.24,1891.531,1817.553,,,,
0.25975,1864.051,1817.559,1875.469,1830.234,,,,
0.263875,1868.278,1809.105,1859.406,1838.689,,,,
0.268,1876.732,1787.97,1851.375,1847.143,,,,
0.27175,1889.414,1779.516,1843.344,1851.37,,,,
0.275875,1897.868,1771.062,,1855.597,,,,
0.28,1910.549,1762.609,,1859.824,,,,
0.287875,1914.776,1758.382,1835.312,,,,,
0.292,,1754.155,,,,,,
0.296,1919.004,1749.928,,,,,,
0.29975,1923.231,1741.474,,,,,,
0.303875,,1737.247,,,,,,
0.307875,,1728.793,,,,,,
0.312,1927.458,1720.339,,,,,,
0.31575,,1707.658,,,,,,
0.319875,1940.139,1699.204,,,,,,
0.324,1944.366,1694.977,,1868.278,,,,
0.32775,1948.593,1669.615,1811.219,1880.96,,,,
0.331875,1957.048,1652.707,1787.125,1893.641,,,,
0.336,1961.275,1640.026,1746.969,1910.549,,,,
0.33975,1973.956,1623.118,1722.875,1935.912,,,,
0.343875,1999.319,1610.438,1698.781,1948.593,,,,
0.348,2007.773,1597.757,1658.625,1957.048,,,,
0.352125,2012,1585.076,1634.531,1965.502,,,,
0.356,,1572.395,1586.344,1969.729,,,,
0.35975,,1559.714,1554.219,1978.183,,,,
0.363875,,1538.579,1530.125,1990.864,,,,
0.367875,,1530.125,1506.031,1999.319,,,,
0.372,,1517.444,1473.906,2003.546,,,,
0.37575,,1500.536,1449.812,2012,,,,
0.379875,,1500,1417.688,,,,,
0.38375,,,1377.531,,,,,
0.387875,,1486.799,1345.406,,,,,
0.392,,1469.89,1305.25,,,,,
0.39575,,1448.755,1249.031,,,,,
0.400125,,1436.074,1200.844,,,,,
0.403875,,1419.165,1152.656,,,,,
0.408,,1398.03,1120.531,,,,,
0.411875,,1393.803,1072.344,,,,,
0.416,,1364.213,992.031,,,,,
0.41975,2007.773,1334.623,988,,,,,
0.423875,1990.864,1309.26,,,,,,
0.428,1969.729,1288.125,,,,,,
0.43175,1965.502,1250.081,,,,,,
0.435875,1948.593,1212.037,,,,,,
0.439875,1927.458,1186.674,,,,,,
0.444,1923.231,1173.993,,,,,,
0.448125,1919.004,1161.311,,,,,,
0.451875,1910.549,1119.04,,2003.546,,,,
0.455875,,1106.359,,1986.637,,,,
0.46,1902.095,1102.132,,1973.956,,,,
0.46375,1893.641,1085.224,,1961.275,,,,
0.467875,1872.505,1072.542,,1948.593,,,,
0.471875,1864.051,1059.861,,1935.912,,,,
0.476,1859.824,1051.407,,1923.231,,,,
0.47975,1855.597,1038.725,,1910.549,,,,
0.483875,1851.37,1034.498,,1893.641,,,,
0.488,1834.461,,,1880.96,,,,
0.49175,1817.553,1030.271,,1872.505,,,,
0.495875,1804.872,1017.59,,1859.824,,,,
0.5,1792.19,1013.363,,1851.37,,,,
0.50375,1779.509,1000.681,,1842.916,,,,
0.507875,1762.601,992.227,,1830.234,,,,
0.512,1754.146,988,,1821.78,,,,
0.51575,1728.784,,,1813.326,,,,
0.519875,1711.875,,,1809.099,,,,
0.524,1699.194,,,1804.872,,,,
0.52775,1690.74,,,1796.417,,,,
0.531875,1665.377,,,1792.19,,,,
0.536,1656.923,,,1787.963,,,,
0.53975,1635.787,,,,,,,
0.543875,1618.879,,,1783.736,,,,
0.548,1614.652,,,,,,,
0.552,1601.97,,,,,,,
0.555875,1593.516,,,,,,,
0.56,1580.835,,,,,,,
0.564125,1559.699,,,,,,,
0.567875,1555.472,,,,,,,
0.572,1547.018,,,,,,,
0.576125,1513.201,,,,,,,
0.579875,1500,,,,,,,
0.588125,,,,1775.282,,,,
0.591875,,,,1766.828,,,,
0.596,1452.967,,,1754.146,,,,
0.599875,1431.832,,,1741.465,,,,
0.603875,1414.924,,,1720.329,,,,
0.608,1385.336,,,1703.421,,,,
0.612,1334.612,1000.681,,1661.15,,,,
0.615875,1279.661,1017.59,,1640.014,,,,
0.619875,1266.98,1034.498,,1618.879,,,,
0.624,1241.618,1042.952,,1559.699,,,,
0.628,1224.711,1064.088,,1563.926,,,,
0.631875,1199.349,1089.451,,1500,,,,
0.635875,1165.533,1106.359,,,,,,
0.64,1135.944,1152.857,,1495.237,,,,
0.644,1106.355,1173.993,,1448.74,,,,
0.648125,1085.22,1199.355,,1381.109,,,,
0.651875,1068.312,1233.172,,1347.293,,,,
0.656,1047.178,1279.671,,1343.066,,,,
0.66,1034.497,1296.579,,1321.931,,,,
0.66375,1009.135,1326.169,,1288.115,,,,
0.667875,992.227,1359.986,,1254.299,,,,
0.672,988,1389.575,,1228.938,,,,
0.67575,,1398.03,,1203.576,,,,
0.679875,,1414.938,,1186.668,,,,
0.684,,1436.074,,1169.76,,,,
0.68775,,1444.528,,1157.079,,,,
0.69175,,1448.755,,1144.398,,,,
0.695875,,1461.436,,1135.944,,,,
0.699875,,1465.663,,1127.49,,,,
0.704,,1474.118,,1119.036,,,,
0.70775,,1478.345,,1110.582,,,,
0.711875,,1486.799,,1089.447,,,,
0.716,,1495.253,,1072.539,,,,
0.72,,1499.48,,1059.859,,,,
0.723875,,,,1051.405,,,,
0.728,,,,1042.951,,,,
0.732,,1500,,1030.27,,,,
0.735875,,,,1021.816,,,,
0.739875,,,,1009.135,,,,
0.74375,,,,1004.908,,,,
0.747875,,,,1000.681,,,,
0.751875,,1500.536,,996.454,,,,
0.756,,1508.99,,988,,,,
0.75975,,1517.444,,,,,,
0.763875,,1525.898,,,,,,
0.767875,,1534.352,,,,,,
0.776,,1542.806,,,,,,
0.77975,,1551.26,,,,,,
0.783875,,1563.941,,,,,,
0.787875,,1572.395,,,,,,
0.792,,1585.076,992.031,,,,,
0.79575,,1593.53,1072.344,,,,,
0.799875,996.454,1606.211,1112.5,,,,,
0.804,,1623.118,1152.656,,,,,
0.80775,1021.816,1644.253,1200.844,,,,,
0.811875,1034.497,1665.388,1241,,,,,
0.816,1038.724,1694.977,1305.25,,,,,
0.81975,1042.951,1720.339,1345.406,,,,,
0.823875,1051.405,1737.247,1385.562,,,,,
0.828,1072.539,1758.382,1433.75,,,,,
0.832,1080.993,1775.289,1473.906,,,,,
0.83575,1085.22,1796.424,1506.031,992.227,,,,
0.839875,1089.447,1813.332,1546.188,1000.681,,,,
0.844,1093.674,1834.467,1578.312,1013.362,,,,
0.848,1097.901,1855.602,1618.469,1017.589,,,,
0.851875,1102.128,1872.51,1658.625,1030.27,,,,
0.856,1110.582,1885.191,1698.781,1042.951,,,,
0.86,,1893.645,1714.844,1051.405,,,,
0.863875,1144.398,1910.553,1730.906,1055.632,,,,
0.867875,1148.625,1919.007,1746.969,1068.312,,,,
0.872,1152.852,1923.234,1763.031,1072.539,,,,
0.875875,1157.079,1944.368,1771.062,1080.993,,,,
0.879875,1190.895,1952.822,1787.125,1089.447,,,,
0.884,,1957.049,1795.156,1097.901,,,,
0.88775,1195.122,1961.276,1803.188,1102.128,,,,
0.891875,1199.349,1965.503,1819.25,1110.582,,,,
0.896,1203.576,,1835.312,1119.036,,,,
0.89975,1207.803,1973.957,1843.344,1123.263,,,,
0.903875,,1982.411,1851.375,1131.717,,,,
0.908,1241.618,,,1140.171,,,,
0.911875,1245.845,1986.638,1867.438,1148.625,,,,
0.915875,1250.072,1990.865,1883.5,1161.306,,,,
0.92,1279.661,1995.092,1907.594,1169.76,,,,
0.923875,1288.115,2003.546,1923.656,1182.441,,,,
0.927875,1292.342,2007.773,1939.719,1199.349,,,,
0.932,1283.888,2012,1955.781,1216.257,,,,
0.93575,1288.115,,1971.844,1233.164,,,,
0.939875,1326.158,,1987.906,1254.299,,,,
0.944,1292.342,,1995.938,1275.434,,,,
0.94775,1326.158,,2003.969,1300.796,,,,
0.951875,1338.839,,2012,1317.704,,,,
0.956,1347.293,,,1338.839,,,,
0.95975,1385.336,,,1355.747,,,,
0.963875,1296.569,,,1376.882,,,,
0.968,1343.066,,,1402.243,,,,
0.97175,1347.293,,,1414.924,,,,
0.975875,1389.562,,,1431.832,,,,
0.979875,1431.832,,,1440.286,,,,
0.984125,1478.329,,,1452.967,,,,
0.987875,1525.882,,,1461.421,,,,
0.992,1547.018,,,1465.648,,,,
0.996,,,,1474.102,,,,
0.999875,1580.835,,,1478.329,,,,
1.003875,1597.743,,,1486.783,,,,
1.008,1610.425,,,1495.237,,,,
1.012125,1623.106,2007.773,,1500,,,,
1.015875,1635.787,2003.546,,,,,,
1.02,1656.923,1995.092,,,,,,
1.024,1673.831,1986.638,,,,,,
1.027875,1690.74,1982.411,,,,,,
1.032,1703.421,1973.957,,1500.52,,,,
1.036,1707.648,1965.503,,1508.974,,,,
1.04,1711.875,1957.049,,1517.428,,,,
1.044,1728.784,1952.822,,1525.882,,,,
1.047875,1737.238,1948.595,,1534.337,,,,
1.051875,1745.692,1935.914,,1547.018,,,,
1.056,1754.146,1919.007,,1555.472,,,,
1.060125,1762.601,,,1563.926,,,,
1.063875,1766.828,1914.78,,1572.381,,,,
1.067875,1775.282,1906.326,,1580.835,,,,
1.072,1779.509,1902.099,,1593.516,,,,
1.07575,1787.963,1893.645,,1606.197,,,,
1.079875,1796.417,1889.418,,1623.106,,,,
1.083875,1809.099,1880.964,,1640.014,,,,
1.088,1821.78,1876.737,,1661.15,,,,
1.09175,1830.234,1868.283,,1690.74,,,,
1.095875,1834.461,1859.829,1995.938,1720.329,,,,
1.099875,1838.689,1851.375,1979.875,1737.238,,,,
1.104,1847.143,1842.921,1971.844,1754.146,,,,
1.10775,1851.37,1834.467,1955.781,1771.055,,,,
1.111875,1859.824,1826.013,1947.75,1787.963,,,,
1.116,1868.278,1817.559,1923.656,1804.872,,,,
1.11975,1872.505,1809.105,1907.594,1813.326,,,,
1.123875,1876.732,1800.651,1883.5,1826.007,,,,
1.128,1889.414,1787.97,1859.406,1834.461,,,,
1.13175,,1779.516,1851.375,1851.37,,,,
1.136,1902.095,1775.289,1835.312,1859.824,,,,
1.14,1910.549,1766.836,1819.25,1872.505,,,,
1.143875,,1762.609,1803.188,1885.187,,,,
1.148,,1758.382,1779.094,1897.868,,,,
1.152,1914.776,1754.155,1755,1910.549,,,,
1.15575,1919.004,1745.701,1730.906,1927.458,,,,
1.159875,1923.231,1737.247,1706.812,1940.139,,,,
1.164,1927.458,1728.793,1674.688,1952.82,,,,
1.168,1931.685,1724.566,1642.562,1961.275,,,,
1.171875,1940.139,1711.885,1594.375,1965.502,,,,
1.175875,1948.593,1699.204,1546.188,1982.41,,,,
1.18,1952.82,1694.977,1514.062,1995.092,,,,
1.18375,1961.275,1678.069,1481.938,2003.546,,,,
1.187875,1965.502,1656.934,1441.781,2012,,,,
1.192,1982.41,1644.253,1393.594,,,,,
1.19575,1990.864,1631.572,1353.438,,,,,
1.199875,2012,1614.664,1297.219,,,,,
1.204,,1597.757,1232.969,,,,,
1.20775,,1585.076,1160.688,,,,,
1.211875,,1563.941,1120.531,,,,,
1.216,,1538.579,1064.312,,,,,
1.21975,,1521.671,988,,,,,
1.223875,,1500,,,,,,
1.23175,,1465.663,,,,,,
1.235875,,1440.301,,,,,,
1.239875,,1423.392,,,,,,
1.244,,1398.03,,,,,,
1.248,,1393.803,,,,,,
1.252,,1385.348,,,,,,
1.255875,,1355.759,,2007.773,,,,
1.259875,,1334.623,,1995.092,,,,
1.263875,,1313.487,,1978.183,,,,
1.268,,1296.579,,1961.275,,,,
1.272,,1283.898,,1948.593,,,,
1.275875,2007.773,1258.535,,1927.458,,,,
1.279875,,1233.172,,1902.095,,,,
1.284,2003.546,1212.037,,1876.732,,,,
1.28775,1999.319,1199.355,,1847.143,,,,
1.291875,1990.864,1186.674,,1821.78,,,,
1.296,1969.729,1173.993,,1796.417,,,,
1.29975,1965.502,,,1779.509,,,,
1.303875,1961.275,1169.766,,1745.692,,,,
1.308,1957.048,1161.311,,1720.329,,,,
1.31175,1952.82,1131.722,,1699.194,,,,
1.315875,,1123.268,,1673.831,,,,
1.319875,1948.593,1114.813,,1652.696,,,,
1.32375,1944.366,1110.586,,1635.787,,,,
1.32775,1940.139,1106.359,,1618.879,,,,
1.331875,1923.231,1102.132,,1601.97,,,,
1.335875,,,,1589.289,,,,
1.34,1919.004,1097.905,,1576.608,,,,
1.344125,1914.776,1089.451,,1568.154,,,,
1.347875,1910.549,1085.224,,1559.699,,,,
1.351875,1906.322,1072.542,,1551.245,,,,
1.356,1902.095,1068.315,,1538.564,,,,
1.35975,1897.868,1059.861,,1521.655,,,,
1.363875,1872.505,1051.407,,,,,,
1.368,1868.278,1042.952,,1500,,,,
1.37175,1859.824,1038.725,,,,,,
1.375875,,1034.498,,,,,,
1.38,1851.37,,,1491.01,,,,
1.38375,1847.143,1030.271,,1478.329,,,,
1.387875,1834.461,1021.817,,1461.421,,,,
1.392,1817.553,1017.59,,1452.967,,,,
1.395875,1804.872,1013.363,,1444.513,,,,
1.4,1796.417,1000.681,,1431.832,,,,
1.404,1787.963,,,1419.151,,,,
1.407875,1771.055,992.227,,1410.697,,,,
1.411875,1758.373,988,,1402.243,,,,
1.416,1754.146,,,1389.562,,,,
1.419875,1749.919,,,1385.336,,,,
1.423875,1733.011,,,1372.655,,,,
1.42775,1720.329,,,1364.201,,,,
1.431875,1711.875,,,1359.974,,,,
1.436,1690.74,,,1351.52,,,,
1.43975,1665.377,,,1343.066,,,,
1.443875,1661.15,,,1330.385,,,,
1.448,1648.469,,,1321.931,,,,
1.452,1618.879,,,1317.704,,,,
1.455875,1610.425,,,1309.25,,,,
1.459875,1589.289,,,1300.796,,,,
1.464,1559.699,,,1292.342,,,,
1.46775,,,,1275.434,,,,
1.471875,1534.337,,,1266.98,,,,
1.475875,1504.747,,,1250.072,,,,
1.48,1500,,,1241.618,,,,
1.484,,,,1224.711,,,,
1.487875,,,,1212.03,,,,
1.491875,1499.464,,,1199.349,,,,
1.496,1491.01,,,1186.668,,,,
1.5,1444.513,,,1178.214,,,,
1.50375,1431.832,,,1165.533,,,,
1.507875,1427.605,,,1152.852,,,,
1.512,1423.378,,,1144.398,,,,
1.516,1414.924,,,1140.171,,,,
1.520125,1410.697,,,1131.717,,,,
1.523875,1393.789,,,1123.263,,,,
1.528,1389.562,,,1114.809,,,,
1.532,1381.109,,,1102.128,,,,
1.535875,1372.655,,,1085.22,,,,
1.539875,1347.293,,,1068.312,,,,
1.544,1334.612,992.227,,1055.632,,,,
1.54775,1317.704,1004.908,,1047.178,,,,
1.551875,1288.115,1013.363,,1030.27,,,,
1.555875,1271.207,1021.817,,1017.589,,,,
1.56,1254.299,1034.498,,1009.135,,,,
1.56375,1237.391,1038.725,,1000.681,,,,
1.567875,1228.938,1042.952,,992.227,,,,
1.572,1207.803,1059.861,,988,,,,
1.57575,1190.895,1076.769,,,,,,
1.579875,1173.987,1097.905,,,,,,
1.584,1148.625,1110.586,,,,,,
1.58775,1123.263,1157.084,,,,,,
1.591875,1102.128,1173.993,,,,,,
1.596,1089.447,1190.901,,,,,,
1.6,1076.766,1220.491,1048.25,,,,,
1.603875,1051.405,1254.308,1104.469,,,,,
1.608,1034.497,1288.125,1136.594,,,,,
1.612125,1026.043,1300.806,1184.781,,,,,
1.615875,1000.681,1338.85,1249.031,,,,,
1.62,992.227,1381.121,1337.375,,,,,
1.624,988,1393.803,1417.688,,,,,
1.628125,,1419.165,1473.906,,,,,
1.631875,,1444.528,1538.156,1004.908,,,,
1.635875,,1465.663,1602.406,1017.589,,,,
1.64,,1491.026,1674.688,1034.497,,,,
1.64375,,1500,1722.875,1055.632,,,,
1.647875,,,1763.031,1076.766,,,,
1.651875,,1504.763,1795.156,1097.901,,,,
1.656,,1525.898,1835.312,1119.036,,,,
1.660125,,1538.579,1843.344,1135.944,,,,
1.663875,,1551.26,1859.406,1148.625,,,,
1.668,,1563.941,1883.5,1165.533,,,,
1.672,,1580.849,1915.625,1182.441,,,,
1.67575,992.227,1593.53,1931.688,1199.349,,,,
1.679875,,1606.211,1955.781,1212.03,,,,
1.684,996.454,1623.118,1963.812,1233.164,,,,
1.688,1000.681,1640.026,1979.875,1250.072,,,,
1.691875,,1652.707,1995.938,1271.207,,,,
1.696,,1686.523,2003.969,1288.115,,,,
1.69975,1004.908,1694.977,2012,1305.023,,,,
1.703875,1030.27,1707.658,,1321.931,,,,
1.708,1034.497,1724.566,,1334.612,,,,
1.71175,1038.724,1737.247,,1355.747,,,,
1.715875,1034.497,1754.155,,1368.428,,,,
1.72,1038.724,1766.836,,1389.562,,,,
1.72375,1042.951,1779.516,,1419.151,,,,
1.727875,,1792.197,,1431.832,,,,
1.731875,1047.178,1809.105,,1444.513,,,,
1.73575,1051.405,1821.786,,1461.421,,,,
1.739875,,1830.24,,1469.875,,,,
1.743875,1080.993,1847.148,,1482.556,,,,
1.74775,1089.447,1859.829,,1500,,,,
1.751875,1093.674,1876.737,,,,,,
1.755875,1097.901,1885.191,,,,,,
1.75975,1102.128,1897.872,,,,,,
1.76375,1106.355,1914.78,,,,,,
1.767875,1144.398,1919.007,,1500.52,,,,
1.772,1148.625,1940.141,,1513.201,,,,
1.77575,,1952.822,,1517.428,,,,
1.779875,1157.079,1961.276,,1521.655,,,,
1.78375,1190.895,1969.73,,1525.882,,,,
1.787875,1199.349,1982.411,,1530.11,,,,
1.791875,1203.576,1986.638,,1534.337,,,,
1.79575,1241.618,1990.865,,,,,,
1.79975,1245.845,1995.092,,1538.564,,,,
1.803875,1279.661,1999.319,,1542.791,,,,
1.808,1283.888,2003.546,,1547.018,,,,
1.81175,,2007.773,,1555.472,,,,
1.815875,,,,1559.699,,,,
1.82,1288.115,2012,,1568.154,,,,
1.823875,1292.342,,,1572.381,,,,
1.828,,,,1580.835,,,,
1.832,1296.569,,,1589.289,,,,
1.835875,1326.158,,,1593.516,,,,
1.839875,1292.342,,,1601.97,,,,
1.844,1250.072,,,1610.425,,,,
1.848125,1343.066,,,1618.879,,,,
1.851875,1347.293,,,1623.106,,,,
1.856,1288.115,,,1627.333,,,,
1.860125,1343.066,,,,,,,
1.863875,1338.839,,,,,,,
1.868,1389.562,,,1631.56,,,,
1.872,1436.059,,,1627.333,,,,
1.875875,1444.513,,,,,,,
1.879875,1521.655,,,1623.106,,,,
1.884,1563.926,,1811.219,1601.97,,,,
1.887875,1614.652,,1128.562,1538.564,,,,
1.891875,1682.285,2003.546,988,1338.839,,,,
1.896,1635.787,1910.553,1096.438,1288.115,,,,
1.899875,1597.743,1716.112,988,1500,,,,
1.904,1436.059,1414.938,,,,,,
1.908,1440.286,1500,,,,,,
1.911875,1500,1521.671,992.031,,,,,
1.916,1423.378,1500,988,,,,,
1.92,1517.428,,,,,,,
1.92375,1513.201,1504.763,,,,,,
1.927875,1530.11,1500,,,,,,
2.703875,1525.882,,,,,,,
2.708,1530.11,,,,,,,
2.895875,1525.882,,,,,,,
2.89975,1530.11,,,,,,,
2.95175,1525.882,,,,,,,
2.955875,1530.11,,,,,,,
2.96,1525.882,,,,,,,
2.96375,1530.11,,,,,,,
3.024,1525.882,,,,,,,
3.02775,1530.11,,,,,,,
3.05175,1525.882,,,,,,,
3.05575,1530.11,,,,,,,
3.095875,1525.882,,,,,,,
3.10375,1530.11,,,,,,,
3.11575,1525.882,,,,,,,
3.119875,1530.11,,,,,,,
3.135875,1525.882,,,,,,,
3.14375,1530.11,,,,,,,
3.151875,1525.882,,,,,,,
3.167875,1530.11,,,,,,,
3.17575,1525.882,,,,,,,
3.179875,1530.11,,,,,,,
3.183875,1525.882,,,,,,,
3.19175,1530.11,,,,,,,
3.195875,1525.882,,,,,,,
3.207875,1530.11,,,,,,,
3.21575,1525.882,,,,,,,
3.22775,1530.11,,,,,,,
3.231875,1525.882,,,,,,,
3.243875,1530.11,,,,,,,
3.26375,1525.882,,,,,,,
3.279875,1530.11,,,,,,,
3.29175,1525.882,,,,,,,
3.304,1530.11,,,,,,,
3.30775,1525.882,,,,,,,
3.311875,1530.11,,,,,,,
3.32,1525.882,,,,,,,
3.332,1530.11,,,,,,,
3.33575,1525.882,,,,,,,
3.339875,1530.11,,,,,,,
3.356,1525.882,,,,,,,
3.363875,1530.11,,,,,,,
3.368,1525.882,,,,,,,
3.371875,1530.11,,,,,,,
3.375875,1525.882,,,,,,,
3.38,1530.11,,,,,,,
3.38375,1525.882,,,,,,,
3.391875,1530.11,,,,,,,
3.408,1525.882,,,,,,,
3.41175,1530.11,,,,,,,
3.415875,1525.882,,,,,,,
3.41975,1530.11,,,,,,,
3.42375,1525.882,,,,,,,
3.504,1530.11,,,,,,,
3.50775,1525.882,,,,,,,
3.511875,1530.11,,,,,,,
3.51975,1525.882,,,,,,,
3.572,1530.11,,,,,,,
3.579875,1525.882,,,,,,,
3.58375,1530.11,,,,,,,
3.587875,1525.882,,,,,,,
3.592,1530.11,,,,,,,
3.59575,1525.882,,,,,,,
3.604,1530.11,,,,,,,
3.60775,1525.882,,,,,,,
3.632,1521.655,,,,,,,
3.636,1525.882,,,,,,,
3.647875,1530.11,,,,,,,
3.652,1525.882,,,,,,,
3.655875,1530.11,,,,,,,
3.659875,1525.882,,,,,,,
3.76375,1530.11,,,,,,,
3.767875,1525.882,,,,,,,
3.776,1530.11,,,,,,,
3.78,1525.882,,,,,,,
3.863875,1530.11,,,,,,,
3.868,1525.882,,,,,,,
4.132,1521.655,,,,,,,
4.135875,1525.882,,,,,,,
4.199875,1521.655,,,,,,,
4.204,1525.882,,,,,,,
4.231875,1530.11,,,,,,,
4.236,1525.882,,,,,,,
4.36775,1521.655,,,,,,,
4.376,1525.882,,,,,,,
4.41975,1521.655,,,,,,,
4.423875,1525.882,,,,,,,
4.476,1521.655,,,,,,,
4.47975,1525.882,,,,,,,
4.504,1521.655,,,,,,,
4.511875,1525.882,,,,,,,
