# The DualSense over USB on the desk, untouched, its motion sensors on: a report every 4 ms that changes nothing, its heartbeat.
# Made from crates/input/tests/traces/dualsense-at-rest-27.csv (its header says which run and stretch), through the
# built-in Pack's Input Device profile, uncalibrated, by crates/input/tests/input_tracks.rs.
# Device: DualSense Wireless Controller; heartbeat: on.
# Times are Simulation Time at 8 kHz from the trace's first poll; Channels in µs.
time (s),roll (µs),pitch (µs),throttle (µs),yaw (µs),arm (µs),flight mode (µs),crash flip (µs),event
0,1525.882,1500,988,1500,988,988,988,
0.003875,,,,,,,,
0.008,,,,,,,,
0.012125,,,,,,,,
0.015875,,,,,,,,
0.02,,,,,,,,
0.024,,,,,,,,
0.027875,,,,,,,,
0.032,,,,,,,,
0.036,,,,,,,,
0.040125,,,,,,,,
0.043875,,,,,,,,
0.048,,,,,,,,
0.052125,,,,,,,,
0.056,,,,,,,,
0.06,,,,,,,,
0.063875,,,,,,,,
0.068,,,,,,,,
0.072,,,,,,,,
0.076125,,,,,,,,
0.08,,,,,,,,
0.084125,,,,,,,,
0.087875,,,,,,,,
0.092,,,,,,,,
0.095875,,,,,,,,
0.099875,,,,,,,,
0.104,1521.655,,,,,,,
0.108125,1525.882,,,,,,,
0.111875,,,,,,,,
0.116,,,,,,,,
0.12,,,,,,,,
0.123875,,,,,,,,
0.128,,,,,,,,
0.132125,,,,,,,,
0.135875,,,,,,,,
0.14,,,,,,,,
0.144125,,,,,,,,
0.147875,,,,,,,,
0.152,,,,,,,,
0.156,,,,,,,,
0.159875,,,,,,,,
0.163875,,,,,,,,
0.168,,,,,,,,
0.17175,,,,,,,,
0.175875,,,,,,,,
0.18,,,,,,,,
0.184125,,,,,,,,
0.187875,,,,,,,,
0.192,,,,,,,,
0.19575,,,,,,,,
0.199875,,,,,,,,
0.204,,,,,,,,
0.207875,,,,,,,,
0.211875,,,,,,,,
0.216,,,,,,,,
0.219875,,,,,,,,
0.223875,,,,,,,,
0.228,,,,,,,,
0.232125,,,,,,,,
0.235875,,,,,,,,
0.24,,,,,,,,
0.244,,,,,,,,
0.248125,,,,,,,,
0.251875,,,,,,,,
0.256,1521.655,,,,,,,
0.26025,1525.882,,,,,,,
0.264,1521.655,,,,,,,
0.268,1525.882,,,,,,,
0.271875,,,,,,,,
0.276,,,,,,,,
0.28,,,,,,,,
0.28425,,,,,,,,
0.288,,,,,,,,
0.29175,,,,,,,,
0.295875,,,,,,,,
0.3,,,,,,,,
0.304,,,,,,,,
0.307875,,,,,,,,
0.311875,,,,,,,,
0.316,,,,,,,,
0.320125,,,,,,,,
0.323875,,,,,,,,
0.328,,,,,,,,
0.331875,,,,,,,,
0.336,,,,,,,,
0.340125,,,,,,,,
0.343875,1521.655,,,,,,,
0.348,1525.882,,,,,,,
0.352,,,,,,,,
0.355875,,,,,,,,
0.36,1521.655,,,,,,,
0.364,1525.882,,,,,,,
0.368125,,,,,,,,
0.371875,,,,,,,,
0.376,,,,,,,,
0.380125,1521.655,,,,,,,
0.383875,1525.882,,,,,,,
0.388,,,,,,,,
0.392,,,,,,,,
0.395875,1521.655,,,,,,,
0.399875,,,,,,,,
0.404,1525.882,,,,,,,
0.407875,,,,,,,,
0.411875,,,,,,,,
0.416,,,,,,,,
0.41975,,,,,,,,
0.423875,,,,,,,,
0.428,,,,,,,,
0.43175,,,,,,,,
0.435875,,,,,,,,
0.44,,,,,,,,
0.444125,,,,,,,,
0.447875,,,,,,,,
0.452,,,,,,,,
0.456,1521.655,,,,,,,
0.460125,,,,,,,,
0.463875,1525.882,,,,,,,
0.468,,,,,,,,
0.472,,,,,,,,
0.476125,1521.655,,,,,,,
0.479875,1525.882,,,,,,,
0.484,,,,,,,,
0.488,,,,,,,,
0.49175,1521.655,,,,,,,
0.49625,,,,,,,,
0.5,1525.882,,,,,,,
0.504,,,,,,,,
0.507875,,,,,,,,
0.512,,,,,,,,
0.516,,,,,,,,
0.519875,,,,,,,,
0.523875,,,,,,,,
0.528,,,,,,,,
0.532,,,,,,,,
0.535875,,,,,,,,
0.539875,,,,,,,,
0.544,,,,,,,,
0.548,,,,,,,,
0.551875,,,,,,,,
0.555875,,,,,,,,
0.56,,,,,,,,
0.564125,,,,,,,,
0.567875,,,,,,,,
0.572,,,,,,,,
0.576125,,,,,,,,
0.579875,,,,,,,,
0.584,,,,,,,,
0.588,,,,,,,,
0.591875,,,,,,,,
0.595875,,,,,,,,
0.6,,,,,,,,
0.604,,,,,,,,
0.607875,,,,,,,,
0.611875,,,,,,,,
0.616,,,,,,,,
0.620125,,,,,,,,
0.624125,,,,,,,,
0.628,,,,,,,,
0.631875,,,,,,,,
0.635875,1521.655,,,,,,,
0.64,1525.882,,,,,,,
0.643875,,,,,,,,
0.647875,,,,,,,,
0.652,,,,,,,,
0.656125,,,,,,,,
0.659875,,,,,,,,
0.663875,,,,,,,,
0.668,1521.655,,,,,,,
0.672125,1525.882,,,,,,,
0.675875,,,,,,,,
0.679875,,,,,,,,
0.684,1521.655,,,,,,,
0.688125,1525.882,,,,,,,
0.691875,,,,,,,,
0.696,,,,,,,,
0.700125,,,,,,,,
0.703875,,,,,,,,
0.708,,,,,,,,
0.712125,,,,,,,,
0.715875,,,,,,,,
0.72,1521.655,,,,,,,
0.724125,1525.882,,,,,,,
0.727875,,,,,,,,
0.732,,,,,,,,
0.736,,,,,,,,
0.739875,1521.655,,,,,,,
0.743875,1525.882,,,,,,,
0.748,,,,,,,,
0.752,,,,,,,,
0.755875,1521.655,,,,,,,
0.759875,1525.882,,,,,,,
0.764,1521.655,,,,,,,
0.768125,1525.882,,,,,,,
0.771875,,,,,,,,
0.776,,,,,,,,
0.780125,,,,,,,,
0.783875,,,,,,,,
0.788,,,,,,,,
0.792125,,,,,,,,
0.796,,,,,,,,
0.800125,,,,,,,,
0.803875,,,,,,,,
0.808,,,,,,,,
0.812,,,,,,,,
0.815875,,,,,,,,
0.819875,,,,,,,,
0.824,,,,,,,,
0.827875,,,,,,,,
0.832,,,,,,,,
0.836125,,,,,,,,
0.839875,,,,,,,,
0.844,,,,,,,,
0.848125,,,,,,,,
0.851875,,,,,,,,
0.856,,,,,,,,
0.860125,,,,,,,,
0.864,,,,,,,,
0.868,,,,,,,,
0.871875,,,,,,,,
0.875875,,,,,,,,
0.88,1521.655,,,,,,,
0.884125,1525.882,,,,,,,
0.887875,1521.655,,,,,,,
0.892,,,,,,,,
0.896125,1525.882,,,,,,,
0.9,,,,,,,,
0.904,1521.655,,,,,,,
0.908125,1525.882,,,,,,,
0.911875,,,,,,,,
0.916,1521.655,,,,,,,
0.920125,,,,,,,,
0.924,1525.882,,,,,,,
0.928,,,,,,,,
0.932125,1521.655,,,,,,,
0.935875,1525.882,,,,,,,
0.94,,,,,,,,
0.944125,,,,,,,,
0.947875,,,,,,,,
0.952,,,,,,,,
0.956,,,,,,,,
0.960125,1521.655,,,,,,,
0.963875,,,,,,,,
0.968,,,,,,,,
0.972,1525.882,,,,,,,
0.97575,,,,,,,,
0.979875,1521.655,,,,,,,
0.984,1525.882,,,,,,,
0.988,,,,,,,,
0.991875,,,,,,,,
0.995875,,,,,,,,
1,,,,,,,,
1.004125,,,,,,,,
1.007875,1521.655,,,,,,,
1.012,,,,,,,,
1.016125,1525.882,,,,,,,
1.019875,,,,,,,,
1.024,1521.655,,,,,,,
1.028125,1525.882,,,,,,,
1.031875,1521.655,,,,,,,
1.036,,,,,,,,
1.04,1525.882,,,,,,,
1.043875,,,,,,,,
1.047875,1521.655,,,,,,,
1.052125,,,,,,,,
1.055875,1525.882,,,,,,,
1.06,,,,,,,,
1.06375,,,,,,,,
1.067875,,,,,,,,
1.072,,,,,,,,
1.075875,,,,,,,,
1.079875,1521.655,,,,,,,
1.084,1525.882,,,,,,,
1.087875,,,,,,,,
1.091875,1521.655,,,,,,,
1.096,1525.882,,,,,,,
1.100125,1521.655,,,,,,,
1.103875,,,,,,,,
1.108,,,,,,,,
1.112125,1525.882,,,,,,,
1.115875,,,,,,,,
1.12,,,,,,,,
1.124125,,,,,,,,
1.128,1521.655,,,,,,,
1.132,1525.882,,,,,,,
1.135875,,,,,,,,
1.14,,,,,,,,
1.144,1521.655,,,,,,,
1.147875,,,,,,,,
1.151875,1525.882,,,,,,,
1.156,,,,,,,,
1.159875,1521.655,,,,,,,
1.164,1525.882,,,,,,,
1.168,1521.655,,,,,,,
1.171875,,,,,,,,
1.175875,1525.882,,,,,,,
1.18,,,,,,,,
1.183875,1521.655,,,,,,,
1.188,1525.882,,,,,,,
1.191875,1521.655,,,,,,,
1.195875,1525.882,,,,,,,
1.2,,,,,,,,
1.203875,1521.655,,,,,,,
1.208,1525.882,,,,,,,
1.212125,,,,,,,,
1.215875,1521.655,,,,,,,
1.22,1525.882,,,,,,,
1.224125,,,,,,,,
1.227875,,,,,,,,
1.232,,,,,,,,
1.236125,,,,,,,,
1.240125,,,,,,,,
1.243875,,,,,,,,
1.248,,,,,,,,
1.252125,,,,,,,,
1.255875,,,,,,,,
1.26,,,,,,,,
1.264,1521.655,,,,,,,
1.267875,1525.882,,,,,,,
1.271875,1521.655,,,,,,,
1.276,1525.882,,,,,,,
1.28,,,,,,,,
1.284125,1521.655,,,,,,,
1.288,,,,,,,,
1.292125,1525.882,,,,,,,
1.296125,,,,,,,,
1.3,,,,,,,,
1.304125,,,,,,,,
1.307875,,,,,,,,
1.312,1521.655,,,,,,,
1.316,1525.882,,,,,,,
1.320125,,,,,,,,
1.323875,,,,,,,,
1.328,,,,,,,,
1.331875,1521.655,,,,,,,
1.336,1525.882,,,,,,,
1.34,1521.655,,,,,,,
1.344125,1525.882,,,,,,,
1.348,,,,,,,,
1.352125,,,,,,,,
1.355875,1521.655,,,,,,,
1.36,1525.882,,,,,,,
1.36375,,,,,,,,
1.367875,1521.655,,,,,,,
1.372,,,,,,,,
1.37575,1525.882,,,,,,,
1.379875,1521.655,,,,,,,
1.384,1525.882,,,,,,,
1.388,,,,,,,,
1.391875,,,,,,,,
1.396,,,,,,,,
1.4,,,,,,,,
1.403875,,,,,,,,
1.407875,,,,,,,,
1.412,,,,,,,,
1.416125,,,,,,,,
1.419875,1521.655,,,,,,,
1.424,,,,,,,,
1.428125,,,,,,,,
1.432,,,,,,,,
1.436125,1525.882,,,,,,,
1.439875,1521.655,,,,,,,
1.444,,,,,,,,
1.448,1525.882,,,,,,,
1.452125,,,,,,,,
1.455875,1521.655,,,,,,,
1.46,1525.882,,,,,,,
1.464,,,,,,,,
1.46775,1521.655,,,,,,,
1.471875,,,,,,,,
1.476,1525.882,,,,,,,
1.48,,,,,,,,
1.484125,1521.655,,,,,,,
1.487875,,,,,,,,
1.492,,,,,,,,
1.496125,1525.882,,,,,,,
1.499875,1521.655,,,,,,,
1.504,,,,,,,,
1.508,1525.882,,,,,,,
1.511875,1521.655,,,,,,,
1.515875,1525.882,,,,,,,
1.52,1521.655,,,,,,,
1.52375,1525.882,,,,,,,
1.527875,1521.655,,,,,,,
1.532,,,,,,,,
1.536,,,,,,,,
1.539875,,,,,,,,
1.543875,,,,,,,,
1.548,,,,,,,,
1.552,1525.882,,,,,,,
1.556125,,,,,,,,
1.559875,1521.655,,,,,,,
1.564,1525.882,,,,,,,
1.568125,,,,,,,,
1.571875,1521.655,,,,,,,
1.576,,,,,,,,
1.580125,1525.882,,,,,,,
1.583875,1521.655,,,,,,,
1.588,,,,,,,,
1.592125,,,,,,,,
1.595875,,,,,,,,
1.6,,,,,,,,
1.604125,,,,,,,,
1.607875,1525.882,,,,,,,
1.612,1521.655,,,,,,,
1.616125,,,,,,,,
1.619875,,,,,,,,
1.624,,,,,,,,
1.628125,,,,,,,,
1.632,,,,,,,,
1.636,1525.882,,,,,,,
1.640125,1521.655,,,,,,,
1.644,,,,,,,,
1.648,1525.882,,,,,,,
1.651875,1521.655,,,,,,,
1.656,1525.882,,,,,,,
1.660125,1521.655,,,,,,,
1.663875,,,,,,,,
1.668,,,,,,,,
1.672125,1525.882,,,,,,,
1.675875,1521.655,,,,,,,
1.68,,,,,,,,
1.684,1525.882,,,,,,,
1.688125,1521.655,,,,,,,
1.691875,1525.882,,,,,,,
1.696,1521.655,,,,,,,
1.7,,,,,,,,
1.70375,,,,,,,,
1.707875,1525.882,,,,,,,
1.712,1521.655,,,,,,,
1.71575,,,,,,,,
1.719875,,,,,,,,
1.724,,,,,,,,
1.72775,,,,,,,,
1.731875,,,,,,,,
1.736,1525.882,,,,,,,
1.740125,1521.655,,,,,,,
1.743875,,,,,,,,
1.748,,,,,,,,
1.75175,1525.882,,,,,,,
1.755875,1521.655,,,,,,,
1.76,,,,,,,,
1.764,1525.882,,,,,,,
1.768125,1521.655,,,,,,,
1.771875,,,,,,,,
1.776,,,,,,,,
1.780125,,,,,,,,
1.783875,,,,,,,,
1.788,1525.882,,,,,,,
1.792125,1521.655,,,,,,,
1.795875,,,,,,,,
1.8,,,,,,,,
1.804125,,,,,,,,
1.807875,,,,,,,,
1.812,,,,,,,,
1.816125,,,,,,,,
1.819875,,,,,,,,
1.824,,,,,,,,
1.828125,,,,,,,,
1.831875,,,,,,,,
1.836,,,,,,,,
1.84,,,,,,,,
1.843875,,,,,,,,
1.847875,,,,,,,,
1.852,,,,,,,,
1.856,,,,,,,,
1.859875,,,,,,,,
1.863875,,,,,,,,
1.868,,,,,,,,
1.872125,,,,,,,,
1.875875,,,,,,,,
1.88,,,,,,,,
1.884125,,,,,,,,
1.887875,,,,,,,,
1.892,,,,,,,,
1.896125,,,,,,,,
1.899875,,,,,,,,
1.904,,,,,,,,
1.908125,,,,,,,,
1.911875,,,,,,,,
1.916,,,,,,,,
1.92,1525.882,,,,,,,
1.923875,1521.655,,,,,,,
1.927875,,,,,,,,
1.932,,,,,,,,
1.935875,1525.882,,,,,,,
1.939875,1521.655,,,,,,,
1.944,,,,,,,,
1.948125,1525.882,,,,,,,
1.951875,1521.655,,,,,,,
1.956,1525.882,,,,,,,
1.960125,1521.655,,,,,,,
1.963875,,,,,,,,
1.968,,,,,,,,
1.971875,,,,,,,,
1.976,,,,,,,,
1.98,,,,,,,,
1.983875,,,,,,,,
1.987875,,,,,,,,
1.992,,,,,,,,
1.995875,1525.882,,,,,,,
1.999875,1521.655,,,,,,,
2.004,1525.882,,,,,,,
2.00775,1521.655,,,,,,,
2.011875,,,,,,,,
2.015875,,,,,,,,
2.02,1525.882,,,,,,,
2.02375,1521.655,,,,,,,
2.027875,,,,,,,,
2.032,,,,,,,,
2.03575,1525.882,,,,,,,
2.039875,1521.655,,,,,,,
2.044,,,,,,,,
2.048,1525.882,,,,,,,
2.051875,1521.655,,,,,,,
2.055875,,,,,,,,
2.06,,,,,,,,
2.064125,,,,,,,,
2.068,,,,,,,,
2.072125,,,,,,,,
2.075875,,,,,,,,
2.08,,,,,,,,
2.084,,,,,,,,
2.088125,,,,,,,,
2.091875,,,,,,,,
2.095875,,,,,,,,
2.1,,,,,,,,
2.104,1525.882,,,,,,,
2.108125,1521.655,,,,,,,
2.111875,1525.882,,,,,,,
2.116,1521.655,,,,,,,
2.120125,,,,,,,,
2.123875,,,,,,,,
2.128,,,,,,,,
2.132125,,,,,,,,
2.135875,,,,,,,,
2.14,,,,,,,,
2.144125,,,,,,,,
2.147875,,,,,,,,
2.152,,,,,,,,
2.156125,,,,,,,,
2.159875,,,,,,,,
2.164,,,,,,,,
2.168125,1525.882,,,,,,,
2.171875,1521.655,,,,,,,
2.175875,1525.882,,,,,,,
2.18,1521.655,,,,,,,
2.184125,,,,,,,,
2.187875,,,,,,,,
2.192,,,,,,,,
2.196,,,,,,,,
2.199875,,,,,,,,
2.203875,,,,,,,,
2.208,,,,,,,,
2.211875,,,,,,,,
2.215875,,,,,,,,
2.22,,,,,,,,
2.22375,,,,,,,,
2.227875,,,,,,,,
2.232,,,,,,,,
2.235875,,,,,,,,
2.24,,,,,,,,
2.244,,,,,,,,
2.247875,,,,,,,,
2.251875,1525.882,,,,,,,
2.256,1521.655,,,,,,,
2.259875,,,,,,,,
2.264,,,,,,,,
2.268125,,,,,,,,
2.271875,,,,,,,,
2.276,1525.882,,,,,,,
2.28,1521.655,,,,,,,
2.283875,,,,,,,,
2.288,,,,,,,,
2.291875,1525.882,,,,,,,
2.295875,1521.655,,,,,,,
2.3,,,,,,,,
2.30375,,,,,,,,
2.307875,,,,,,,,
2.312,,,,,,,,
2.31575,,,,,,,,
2.319875,,,,,,,,
2.324,,,,,,,,
2.328125,,,,,,,,
2.331875,,,,,,,,
2.335875,,,,,,,,
2.34,,,,,,,,
2.344125,,,,,,,,
2.347875,,,,,,,,
2.352,,,,,,,,
2.356,,,,,,,,
2.359875,,,,,,,,
2.364,,,,,,,,
2.368,,,,,,,,
2.371875,,,,,,,,
2.375875,,,,,,,,
2.38,,,,,,,,
2.384125,,,,,,,,
2.387875,,,,,,,,
2.392,,,,,,,,
2.39575,,,,,,,,
2.399875,,,,,,,,
2.403875,,,,,,,,
2.408,,,,,,,,
2.41175,,,,,,,,
2.415875,,,,,,,,
2.42,,,,,,,,
2.424,,,,,,,,
2.427875,,,,,,,,
2.432,,,,,,,,
2.436,,,,,,,,
2.439875,,,,,,,,
2.443875,,,,,,,,
2.44775,,,,,,,,
2.451875,,,,,,,,
2.456,,,,,,,,
2.460125,,,,,,,,
2.463875,,,,,,,,
2.468,,,,,,,,
2.472,,,,,,,,
2.476125,,,,,,,,
2.479875,,,,,,,,
2.484,,,,,,,,
2.488125,,,,,,,,
2.491875,,,,,,,,
2.496,,,,,,,,
2.5,,,,,,,,
2.503875,,,,,,,,
2.508,,,,,,,,
2.512,,,,,,,,
2.515875,,,,,,,,
2.519875,,,,,,,,
2.524,,,,,,,,
2.528125,,,,,,,,
2.531875,,,,,,,,
2.535875,,,,,,,,
2.54,,,,,,,,
2.544125,,,,,,,,
2.547875,,,,,,,,
2.552,,,,,,,,
2.556125,1525.882,,,,,,,
2.559875,1521.655,,,,,,,
2.563875,,,,,,,,
2.568,,,,,,,,
2.572125,,,,,,,,
2.575875,,,,,,,,
2.58,,,,,,,,
2.584125,,,,,,,,
2.587875,,,,,,,,
2.592,,,,,,,,
2.595875,,,,,,,,
2.6,,,,,,,,
2.604125,,,,,,,,
2.607875,,,,,,,,
2.612,,,,,,,,
2.616125,,,,,,,,
2.619875,,,,,,,,
2.624,,,,,,,,
2.628125,,,,,,,,
2.632,,,,,,,,
2.636,,,,,,,,
2.640125,,,,,,,,
2.643875,,,,,,,,
2.648,,,,,,,,
2.652125,,,,,,,,
2.655875,,,,,,,,
2.66,,,,,,,,
2.664,,,,,,,,
2.66775,,,,,,,,
2.671875,,,,,,,,
2.676,,,,,,,,
2.67975,,,,,,,,
2.683875,,,,,,,,
2.688,,,,,,,,
2.692,,,,,,,,
2.695875,,,,,,,,
2.699875,,,,,,,,
2.704,,,,,,,,
2.707875,,,,,,,,
2.712,,,,,,,,
2.71575,,,,,,,,
2.719875,,,,,,,,
2.724,,,,,,,,
2.728,,,,,,,,
2.731875,,,,,,,,
2.735875,,,,,,,,
2.74,,,,,,,,
2.744,,,,,,,,
2.74775,,,,,,,,
2.751875,,,,,,,,
2.756,,,,,,,,
2.75975,,,,,,,,
2.763875,,,,,,,,
2.768,,,,,,,,
2.772125,,,,,,,,
2.775875,,,,,,,,
2.78,,,,,,,,
2.784,,,,,,,,
2.787875,,,,,,,,
2.792,,,,,,,,
2.796,,,,,,,,
2.799875,,,,,,,,
2.804,,,,,,,,
2.808,,,,,,,,
2.811875,,,,,,,,
2.815875,,,,,,,,
2.82,,,,,,,,
2.82375,,,,,,,,
2.827875,,,,,,,,
2.832,,,,,,,,
2.83575,,,,,,,,
2.839875,,,,,,,,
2.844,,,,,,,,
2.847875,,,,,,,,
2.852,,,,,,,,
2.856,,,,,,,,
2.859875,,,,,,,,
2.863875,,,,,,,,
2.868,,,,,,,,
2.871875,,,,,,,,
2.875875,,,,,,,,
2.88,,,,,,,,
2.88375,,,,,,,,
2.887875,,,,,,,,
2.892,,,,,,,,
2.896125,,,,,,,,
2.899875,,,,,,,,
2.904,,,,,,,,
2.908,,,,,,,,
2.911875,,,,,,,,
2.915875,,,,,,,,
2.92,,,,,,,,
2.923875,,,,,,,,
2.927875,,,,,,,,
2.932,,,,,,,,
2.936125,,,,,,,,
2.939875,,,,,,,,
2.944,,,,,,,,
2.948,,,,,,,,
2.952125,,,,,,,,
2.955875,,,,,,,,
2.96,,,,,,,,
2.964,,,,,,,,
2.967875,,,,,,,,
2.971875,,,,,,,,
2.976,,,,,,,,
2.980125,,,,,,,,
2.983875,,,,,,,,
2.988,,,,,,,,
2.992125,1525.882,,,,,,,
2.995875,1521.655,,,,,,,
3,,,,,,,,
3.004,,,,,,,,
3.007875,,,,,,,,
3.012,,,,,,,,
3.016,,,,,,,,
3.019875,,,,,,,,
3.024,,,,,,,,
3.028125,,,,,,,,
3.031875,,,,,,,,
3.036,,,,,,,,
3.040125,,,,,,,,
3.043875,,,,,,,,
3.047875,,,,,,,,
3.052,,,,,,,,
3.056125,,,,,,,,
3.059875,,,,,,,,
3.063875,,,,,,,,
3.068,,,,,,,,
3.072,,,,,,,,
3.075875,,,,,,,,
3.079875,,,,,,,,
3.084,,,,,,,,
3.088125,,,,,,,,
3.091875,,,,,,,,
3.096,,,,,,,,
3.09975,,,,,,,,
3.103875,,,,,,,,
3.108,,,,,,,,
3.111875,,,,,,,,
3.115875,,,,,,,,
3.12,,,,,,,,
3.124125,,,,,,,,
3.127875,,,,,,,,
3.131875,,,,,,,,
3.136,,,,,,,,
3.140125,,,,,,,,
3.143875,,,,,,,,
3.148,,,,,,,,
3.152,,,,,,,,
3.155875,,,,,,,,
3.159875,,,,,,,,
3.164,,,,,,,,
3.167875,,,,,,,,
3.171875,,,,,,,,
3.176,,,,,,,,
3.179875,,,,,,,,
3.183875,,,,,,,,
3.188,,,,,,,,
3.192125,,,,,,,,
3.195875,,,,,,,,
3.2,,,,,,,,
3.204125,,,,,,,,
3.207875,,,,,,,,
3.212,,,,,,,,
3.216,,,,,,,,
3.220125,,,,,,,,
3.223875,,,,,,,,
3.228,,,,,,,,
3.232125,,,,,,,,
3.235875,,,,,,,,
3.24,,,,,,,,
3.243875,,,,,,,,
3.247875,,,,,,,,
3.252,,,,,,,,
3.256,,,,,,,,
3.259875,,,,,,,,
3.263875,,,,,,,,
3.268,,,,,,,,
3.271875,,,,,,,,
3.275875,,,,,,,,
3.28,,,,,,,,
3.28375,,,,,,,,
3.287875,,,,,,,,
3.292,,,,,,,,
3.29575,,,,,,,,
3.299875,,,,,,,,
3.304,,,,,,,,
3.308125,,,,,,,,
3.312,,,,,,,,
3.316,,,,,,,,
3.319875,,,,,,,,
3.323875,,,,,,,,
3.328,,,,,,,,
3.332125,,,,,,,,
3.335875,,,,,,,,
3.339875,,,,,,,,
3.344,,,,,,,,
3.348125,,,,,,,,
3.351875,,,,,,,,
3.355875,,,,,,,,
3.36,,,,,,,,
3.36375,,,,,,,,
3.367875,,,,,,,,
3.371875,,,,,,,,
3.376,,,,,,,,
3.379875,,,,,,,,
3.383875,,,,,,,,
3.388,,,,,,,,
3.391875,,,,,,,,
3.395875,,,,,,,,
3.4,,,,,,,,
3.404,,,,,,,,
3.407875,,,,,,,,
3.411875,,,,,,,,
3.416,,,,,,,,
3.420125,,,,,,,,
3.423875,,,,,,,,
3.427875,,,,,,,,
3.432,,,,,,,,
3.43575,,,,,,,,
3.439875,,,,,,,,
3.444,,,,,,,,
3.448125,,,,,,,,
3.451875,,,,,,,,
3.456,,,,,,,,
3.46,,,,,,,,
3.464125,,,,,,,,
3.467875,,,,,,,,
3.472,,,,,,,,
3.476125,,,,,,,,
3.479875,,,,,,,,
3.484,,,,,,,,
3.488,,,,,,,,
3.49175,,,,,,,,
3.495875,,,,,,,,
3.5,,,,,,,,
3.504125,,,,,,,,
3.507875,,,,,,,,
3.512,,,,,,,,
3.51575,,,,,,,,
3.519875,,,,,,,,
3.524,,,,,,,,
3.52775,,,,,,,,
3.531875,,,,,,,,
3.536,,,,,,,,
3.54,,,,,,,,
3.543875,,,,,,,,
3.548,,,,,,,,
3.552,,,,,,,,
3.555875,,,,,,,,
3.56,,,,,,,,
3.563875,1525.882,,,,,,,
3.567875,1521.655,,,,,,,
3.572,,,,,,,,
3.575875,,,,,,,,
3.579875,,,,,,,,
3.584,,,,,,,,
3.587875,,,,,,,,
3.591875,,,,,,,,
3.596,,,,,,,,
3.6,,,,,,,,
3.603875,,,,,,,,
3.608,,,,,,,,
3.612,,,,,,,,
3.615875,,,,,,,,
3.619875,,,,,,,,
3.624,,,,,,,,
3.628125,,,,,,,,
3.631875,,,,,,,,
3.636,,,,,,,,
3.640125,,,,,,,,
3.643875,,,,,,,,
3.648,,,,,,,,
3.652125,,,,,,,,
3.656,,,,,,,,
3.66,,,,,,,,
3.664125,,,,,,,,
3.667875,,,,,,,,
3.672,,,,,,,,
3.676125,,,,,,,,
3.679875,,,,,,,,
3.684,,,,,,,,
3.688125,,,,,,,,
3.691875,,,,,,,,
3.696,,,,,,,,
3.700125,,,,,,,,
3.703875,,,,,,,,
3.708,,,,,,,,
3.712,,,,,,,,
3.715875,,,,,,,,
3.719875,,,,,,,,
3.724,,,,,,,,
3.727875,,,,,,,,
3.731875,,,,,,,,
3.736,,,,,,,,
3.74,,,,,,,,
3.744125,,,,,,,,
3.747875,,,,,,,,
3.751875,,,,,,,,
3.756,,,,,,,,
3.76,,,,,,,,
3.763875,,,,,,,,
3.767875,,,,,,,,
3.772,,,,,,,,
3.776125,,,,,,,,
3.779875,,,,,,,,
3.784,,,,,,,,
3.78775,,,,,,,,
3.791875,,,,,,,,
3.796,,,,,,,,
3.8,,,,,,,,
3.803875,,,,,,,,
3.808,,,,,,,,
3.812,,,,,,,,
3.815875,,,,,,,,
3.819875,,,,,,,,
3.824,,,,,,,,
3.828125,,,,,,,,
3.831875,,,,,,,,
3.835875,,,,,,,,
3.84,,,,,,,,
3.844125,,,,,,,,
3.847875,,,,,,,,
3.851875,,,,,,,,
3.856,,,,,,,,
3.86,,,,,,,,
3.864125,,,,,,,,
3.867875,,,,,,,,
3.872,,,,,,,,
3.876125,,,,,,,,
3.879875,,,,,,,,
3.884,,,,,,,,
3.888,,,,,,,,
3.891875,,,,,,,,
3.896,,,,,,,,
3.9,,,,,,,,
3.903875,,,,,,,,
3.907875,,,,,,,,
3.912,,,,,,,,
3.91575,,,,,,,,
3.919875,,,,,,,,
3.924,,,,,,,,
3.928,,,,,,,,
3.931875,,,,,,,,
3.935875,,,,,,,,
3.94,,,,,,,,
3.94375,,,,,,,,
3.947875,,,,,,,,
3.952,,,,,,,,
3.956125,,,,,,,,
3.96,,,,,,,,
3.96375,,,,,,,,
3.967875,,,,,,,,
3.972,,,,,,,,
3.976125,,,,,,,,
3.979875,,,,,,,,
3.983875,,,,,,,,
3.988,,,,,,,,
3.99175,,,,,,,,
3.995875,,,,,,,,
4,,,,,,,,
4.004125,,,,,,,,
4.007875,,,,,,,,
4.012,,,,,,,,
4.016125,,,,,,,,
4.019875,,,,,,,,
4.024,,,,,,,,
4.028,,,,,,,,
4.031875,,,,,,,,
4.036,,,,,,,,
4.040125,,,,,,,,
4.043875,,,,,,,,
4.048,,,,,,,,
4.052125,,,,,,,,
4.055875,,,,,,,,
4.06,,,,,,,,
4.064,,,,,,,,
4.067875,,,,,,,,
4.071875,,,,,,,,
4.076,,,,,,,,
4.08,,,,,,,,
4.083875,,,,,,,,
4.087875,,,,,,,,
4.092,,,,,,,,
4.096125,,,,,,,,
4.099875,,,,,,,,
4.104,,,,,,,,
4.108,,,,,,,,
4.111875,,,,,,,,
4.115875,,,,,,,,
4.12,,,,,,,,
4.124125,,,,,,,,
4.128,,,,,,,,
4.132125,,,,,,,,
4.135875,,,,,,,,
4.14,,,,,,,,
4.144,,,,,,,,
4.147875,,,,,,,,
4.151875,,,,,,,,
4.156,,,,,,,,
4.160125,,,,,,,,
4.163875,,,,,,,,
4.168,,,,,,,,
4.172,,,,,,,,
4.175875,,,,,,,,
4.18,,,,,,,,
4.184,,,,,,,,
4.187875,,,,,,,,
4.192,,,,,,,,
4.196,,,,,,,,
4.199875,,,,,,,,
4.204,,,,,,,,
4.20775,,,,,,,,
4.211875,,,,,,,,
4.216,,,,,,,,
4.22,,,,,,,,
4.22375,,,,,,,,
4.227875,,,,,,,,
4.232,,,,,,,,
4.236,,,,,,,,
4.240125,,,,,,,,
4.243875,,,,,,,,
4.248,,,,,,,,
4.252,,,,,,,,
4.256125,,,,,,,,
4.259875,,,,,,,,
4.264,,,,,,,,
4.267875,,,,,,,,
4.271875,,,,,,,,
4.276,,,,,,,,
4.280125,,,,,,,,
4.283875,,,,,,,,
4.288,,,,,,,,
4.292,,,,,,,,
4.295875,,,,,,,,
4.299875,,,,,,,,
4.304,,,,,,,,
4.30775,,,,,,,,
4.311875,,,,,,,,
4.316,,,,,,,,
4.31975,,,,,,,,
4.323875,,,,,,,,
4.328,,,,,,,,
4.33175,,,,,,,,
4.335875,,,,,,,,
4.34,,,,,,,,
4.344,,,,,,,,
4.347875,,,,,,,,
4.352,,,,,,,,
4.356125,,,,,,,,
4.359875,,,,,,,,
4.364,,,,,,,,
4.368,,,,,,,,
4.372125,,,,,,,,
4.375875,,,,,,,,
4.38,,,,,,,,
4.384125,,,,,,,,
4.387875,,,,,,,,
4.392,,,,,,,,
4.396,,,,,,,,
4.399875,,,,,,,,
4.403875,,,,,,,,
4.408,,,,,,,,
4.411875,,,,,,,,
4.415875,,,,,,,,
4.420125,,,,,,,,
4.423875,,,,,,,,
4.428,,,,,,,,
4.432,,,,,,,,
4.435875,,,,,,,,
4.439875,,,,,,,,
4.444,,,,,,,,
4.44775,,,,,,,,
4.451875,,,,,,,,
4.456,,,,,,,,
4.45975,,,,,,,,
4.463875,,,,,,,,
4.468,,,,,,,,
4.472,,,,,,,,
4.475875,,,,,,,,
4.48,,,,,,,,
4.484,,,,,,,,
4.487875,,,,,,,,
4.491875,,,,,,,,
4.496,,,,,,,,
4.500125,,,,,,,,
4.504,,,,,,,,
4.508125,,,,,,,,
4.511875,,,,,,,,
4.516,,,,,,,,
4.52,,,,,,,,
4.523875,,,,,,,,
4.527875,,,,,,,,
4.532,,,,,,,,
4.535875,,,,,,,,
4.539875,,,,,,,,
4.544,,,,,,,,
4.548125,,,,,,,,
4.552,,,,,,,,
4.556,,,,,,,,
4.560125,,,,,,,,
4.563875,,,,,,,,
4.568,,,,,,,,
4.572,,,,,,,,
4.575875,,,,,,,,
4.579875,,,,,,,,
4.584,,,,,,,,
4.588125,,,,,,,,
4.591875,,,,,,,,
4.596,,,,,,,,
4.600125,,,,,,,,
4.603875,,,,,,,,
4.608,,,,,,,,
4.61175,,,,,,,,
4.615875,,,,,,,,
4.62,,,,,,,,
4.623875,,,,,,,,
4.628,,,,,,,,
4.632,,,,,,,,
4.635875,,,,,,,,
4.639875,,,,,,,,
4.644,,,,,,,,
4.64775,,,,,,,,
4.652,,,,,,,,
4.656,,,,,,,,
4.659875,,,,,,,,
4.663875,,,,,,,,
4.668,,,,,,,,
4.671875,,,,,,,,
4.675875,,,,,,,,
4.68,,,,,,,,
4.68375,,,,,,,,
4.687875,,,,,,,,
4.692,,,,,,,,
4.69575,,,,,,,,
4.699875,,,,,,,,
4.704125,,,,,,,,
4.707875,,,,,,,,
4.712,,,,,,,,
4.71575,,,,,,,,
4.719875,,,,,,,,
4.724,,,,,,,,
4.72775,,,,,,,,
4.731875,,,,,,,,
4.736,,,,,,,,
4.739875,,,,,,,,
4.743875,,,,,,,,
4.748,,,,,,,,
4.751875,,,,,,,,
4.755875,,,,,,,,
4.76,,,,,,,,
4.76375,,,,,,,,
4.767875,,,,,,,,
4.772,,,,,,,,
4.77575,,,,,,,,
4.779875,,,,,,,,
4.784,,,,,,,,
4.78775,,,,,,,,
4.791875,,,,,,,,
4.796,,,,,,,,
4.799875,,,,,,,,
4.803875,,,,,,,,
4.808,,,,,,,,
4.811875,,,,,,,,
4.815875,,,,,,,,
4.82,,,,,,,,
4.824125,,,,,,,,
4.827875,,,,,,,,
4.831875,,,,,,,,
4.836,,,,,,,,
4.840125,,,,,,,,
4.843875,,,,,,,,
4.847875,,,,,,,,
4.852,,,,,,,,
4.85575,,,,,,,,
4.859875,,,,,,,,
4.864,,,,,,,,
4.86775,,,,,,,,
4.871875,,,,,,,,
4.876,,,,,,,,
4.880125,,,,,,,,
4.883875,,,,,,,,
4.888,,,,,,,,
4.892125,,,,,,,,
4.895875,,,,,,,,
4.899875,,,,,,,,
4.904,,,,,,,,
4.907875,,,,,,,,
4.911875,,,,,,,,
4.916,,,,,,,,
4.92,,,,,,,,
4.923875,,,,,,,,
4.927875,,,,,,,,
4.932,,,,,,,,
4.935875,,,,,,,,
4.939875,,,,,,,,
4.944,,,,,,,,
4.947875,,,,,,,,
4.951875,,,,,,,,
4.956,,,,,,,,
4.960125,,,,,,,,
4.963875,,,,,,,,
4.968,,,,,,,,
4.971875,,,,,,,,
4.976,,,,,,,,
4.98,,,,,,,,
4.983875,,,,,,,,
4.987875,,,,,,,,
4.992,,,,,,,,
4.996,,,,,,,,
4.999875,,,,,,,,
5.003875,,,,,,,,
5.008,,,,,,,,
5.01175,,,,,,,,
5.015875,,,,,,,,
5.02,,,,,,,,
5.02375,,,,,,,,
5.027875,,,,,,,,
5.032,,,,,,,,
5.036,,,,,,,,
5.039875,,,,,,,,
5.043875,,,,,,,,
5.048,,,,,,,,
5.051875,,,,,,,,
5.056,,,,,,,,
5.060125,,,,,,,,
5.063875,,,,,,,,
5.068,,,,,,,,
5.072,,,,,,,,
5.075875,,,,,,,,
5.079875,,,,,,,,
5.084,,,,,,,,
5.088125,,,,,,,,
5.091875,,,,,,,,
5.096,,,,,,,,
5.100125,,,,,,,,
5.103875,,,,,,,,
5.108,,,,,,,,
5.112125,,,,,,,,
5.115875,,,,,,,,
5.12,,,,,,,,
5.124,,,,,,,,
5.127875,,,,,,,,
5.132,,,,,,,,
5.135875,,,,,,,,
5.14,,,,,,,,
5.144,,,,,,,,
5.147875,,,,,,,,
5.151875,,,,,,,,
5.156,,,,,,,,
5.159875,,,,,,,,
5.163875,,,,,,,,
5.168,,,,,,,,
5.172125,,,,,,,,
5.175875,,,,,,,,
5.18,,,,,,,,
5.184125,,,,,,,,
5.187875,,,,,,,,
5.192,,,,,,,,
5.196,,,,,,,,
5.199875,,,,,,,,
5.203875,,,,,,,,
5.208125,,,,,,,,
5.211875,,,,,,,,
5.216,,,,,,,,
5.220125,,,,,,,,
5.223875,,,,,,,,
5.228,,,,,,,,
5.232,,,,,,,,
5.236125,,,,,,,,
5.239875,,,,,,,,
5.244,,,,,,,,
5.24775,,,,,,,,
5.251875,,,,,,,,
5.256,,,,,,,,
5.260125,,,,,,,,
5.263875,,,,,,,,
5.268,,,,,,,,
5.272,,,,,,,,
5.275875,,,,,,,,
5.28,,,,,,,,
5.284,,,,,,,,
5.287875,,,,,,,,
5.292,,,,,,,,
5.296,,,,,,,,
5.299875,,,,,,,,
5.304,,,,,,,,
5.308,,,,,,,,
5.312125,,,,,,,,
5.315875,,,,,,,,
5.32,,,,,,,,
5.324,,,,,,,,
5.327875,,,,,,,,
5.331875,,,,,,,,
5.336,,,,,,,,
5.34,,,,,,,,
5.344125,,,,,,,,
5.347875,,,,,,,,
5.352,,,,,,,,
5.356,,,,,,,,
5.360125,,,,,,,,
5.363875,,,,,,,,
5.368,,,,,,,,
5.372,,,,,,,,
5.375875,,,,,,,,
5.379875,,,,,,,,
5.384,,,,,,,,
5.38775,,,,,,,,
5.391875,,,,,,,,
5.395875,,,,,,,,
5.4,,,,,,,,
5.40375,,,,,,,,
5.407875,,,,,,,,
5.411875,,,,,,,,
5.416,,,,,,,,
5.420125,,,,,,,,
5.423875,,,,,,,,
5.428,,,,,,,,
5.432125,,,,,,,,
5.435875,,,,,,,,
5.44,,,,,,,,
5.44375,,,,,,,,
5.447875,,,,,,,,
5.452,,,,,,,,
5.455875,,,,,,,,
5.459875,,,,,,,,
5.464,,,,,,,,
5.468125,,,,,,,,
5.471875,,,,,,,,
5.476,,,,,,,,
5.48,,,,,,,,
5.483875,,,,,,,,
5.487875,,,,,,,,
5.492,,,,,,,,
5.49575,,,,,,,,
5.499875,,,,,,,,
5.504,,,,,,,,
5.508,,,,,,,,
5.511875,,,,,,,,
5.516,,,,,,,,
5.52,,,,,,,,
5.524125,,,,,,,,
5.527875,,,,,,,,
5.532,,,,,,,,
5.536125,,,,,,,,
5.539875,,,,,,,,
5.543875,,,,,,,,
5.548,,,,,,,,
5.552,,,,,,,,
5.556125,,,,,,,,
5.560125,,,,,,,,
5.564,,,,,,,,
5.568,,,,,,,,
5.572125,,,,,,,,
5.575875,,,,,,,,
5.58,,,,,,,,
5.584,,,,,,,,
5.587875,,,,,,,,
5.591875,,,,,,,,
5.596,,,,,,,,
5.599875,,,,,,,,
5.604,,,,,,,,
5.608,,,,,,,,
5.612125,,,,,,,,
5.615875,,,,,,,,
5.62,,,,,,,,
5.624,,,,,,,,
5.628125,,,,,,,,
5.631875,,,,,,,,
5.635875,,,,,,,,
5.64,,,,,,,,
5.644,,,,,,,,
5.648125,,,,,,,,
5.652125,,,,,,,,
5.656,,,,,,,,
5.66,,,,,,,,
5.664125,,,,,,,,
5.667875,,,,,,,,
5.672,,,,,,,,
5.676,,,,,,,,
5.679875,,,,,,,,
5.684,,,,,,,,
5.688125,,,,,,,,
5.691875,,,,,,,,
5.695875,,,,,,,,
5.7,,,,,,,,
5.704125,,,,,,,,
5.707875,,,,,,,,
5.712,,,,,,,,
5.716125,,,,,,,,
5.719875,,,,,,,,
5.724,,,,,,,,
5.728125,,,,,,,,
5.731875,,,,,,,,
5.736,,,,,,,,
5.74,,,,,,,,
5.743875,,,,,,,,
5.748,,,,,,,,
5.752,,,,,,,,
5.755875,,,,,,,,
5.759875,,,,,,,,
5.764,,,,,,,,
5.768,,,,,,,,
5.771875,,,,,,,,
5.776,,,,,,,,
5.78,,,,,,,,
5.783875,,,,,,,,
5.788,,,,,,,,
5.792,,,,,,,,
5.795875,,,,,,,,
5.799875,,,,,,,,
5.804,,,,,,,,
5.808125,,,,,,,,
5.812,,,,,,,,
5.816125,,,,,,,,
5.819875,,,,,,,,
5.824,,,,,,,,
5.828,,,,,,,,
5.831875,,,,,,,,
5.835875,,,,,,,,
5.84,,,,,,,,
5.844,,,,,,,,
5.847875,,,,,,,,
5.851875,,,,,,,,
5.856,,,,,,,,
5.86,,,,,,,,
5.863875,,,,,,,,
5.867875,,,,,,,,
5.872,,,,,,,,
5.876,,,,,,,,
5.879875,,,,,,,,
5.884,,,,,,,,
5.888,,,,,,,,
5.891875,,,,,,,,
5.896,,,,,,,,
5.900125,,,,,,,,
5.903875,,,,,,,,
5.908,,,,,,,,
5.912,,,,,,,,
5.915875,,,,,,,,
5.92,,,,,,,,
5.924,,,,,,,,
5.927875,,,,,,,,
5.931875,,,,,,,,
5.936,,,,,,,,
5.94,,,,,,,,
5.943875,,,,,,,,
5.948,,,,,,,,
5.952,,,,,,,,
5.955875,,,,,,,,
5.959875,,,,,,,,
5.964,,,,,,,,
5.967875,,,,,,,,
5.971875,,,,,,,,
5.976125,,,,,,,,
5.979875,,,,,,,,
5.984,,,,,,,,
5.988,,,,,,,,
5.991875,,,,,,,,
5.995875,,,,,,,,
6,,,,,,,,
