# The Radiomaster Pocket over USB, RF off: plugged in and left alone for 11 s, then fast circles, switches and buttons, then unplugged.
# Made from crates/input/tests/traces/pocket-rf-off-18.csv (its header says which run and stretch), through the
# built-in Pack's Input Device profile, uncalibrated, by crates/input/tests/input_tracks.rs.
# Device: EdgeTX Radiomaster Pocket Joystick; heartbeat: off.
# Times are Simulation Time at 8 kHz from the trace's first poll; Channels in µs.
time (s),roll (µs),pitch (µs),throttle (µs),yaw (µs),arm (µs),flight mode (µs),crash flip (µs),event
0,1500.234,1500.234,988,1500.234,988,988,988,
11.271625,,,998.516,,,,,
11.2735,,,1006.516,,,,,
11.27575,,,1012.516,,,,,
11.278875,,,1019.016,,,,,
11.282625,,,1019.516,,,,,
11.28475,,,1027.032,,,,,
11.28775,,,1027.532,,,,,
11.29075,,,1034.032,,,,,
11.291875,,,1033.532,1507.735,,,,
11.2925,,,1034.032,,,,,
11.2955,,,,1508.235,,,,
11.29775,,,,1509.235,,,,
11.299625,,,1034.532,1509.735,,,,
11.300625,,,,1515.735,,,,
11.303625,,,1035.032,1516.235,,,,
11.306625,,,,1517.251,,,,
11.307625,,,,1517.751,,,,
11.308875,,,1036.032,1524.251,,,,
11.311625,,,,1524.751,,,,
11.314875,,,,1525.751,,,,
11.3155,,,1036.532,,,,,
11.316625,,,,1526.251,,,,
11.31875,,,,1533.751,,,,
11.3205,,,1037.032,,,,,
11.322625,,,1037.532,,,,,
11.32475,,,1045.532,1534.251,,,,
11.327625,,,,1534.751,,,,
11.32975,,,1046.032,1535.251,,,,
11.3315,,,1053.532,,,,,
11.332625,,,,1535.751,,,,
11.334625,,,,1536.751,,,,
11.33575,,,1054.032,,,,,
11.336875,,,1060.048,1537.251,,,,
11.338625,,,,1537.751,,,,
11.34075,,,1060.548,1538.251,,,,
11.34175,,,1068.048,,,,,
11.3425,,,,1539.251,,,,
11.344625,,,1068.548,,,,,
11.34575,,,1075.548,1539.751,,,,
11.3475,,,,1540.251,,,,
11.3485,,,1076.048,,,,,
11.349625,,,1083.548,1540.751,,,,
11.35175,,,1090.064,1541.251,,,,
11.3535,,,1096.064,,,,,
11.354625,,,,1542.251,,,,
11.35675,,,1103.564,,,,,
11.3575,,,,1542.751,,,,
11.358625,,,1110.564,,,,,
11.3615,,,1120.065,1543.251,,,,
11.36375,,,1128.08,,,,,
11.365625,,,1134.08,,,,,
11.36775,,,1141.08,,,,,
11.369625,,,1149.581,,,,,
11.371875,,,1155.596,,,,,
11.373625,,,1163.096,,,,,
11.3755,,,1171.597,,,,,
11.378875,,,1180.097,,,,,
11.380625,,,1186.097,,,,,
11.3825,,,1192.612,1542.751,,,,
11.38475,,,1193.113,,,,,
11.3855,,,1200.613,,,,,
11.387625,,,1207.113,,,,,
11.3895,,,,1542.251,,,,
11.390625,,,1214.113,,,,,
11.393625,,,1221.129,,,,,
11.3965,,,1228.129,1541.251,,,,
11.3995,,,1234.629,1540.751,,,,
11.401625,,,1235.129,,,,,
11.402625,,,1241.129,1540.251,,,,
11.404875,,,,1539.751,,,,
11.4055,,,1242.129,,,,,
11.406625,,,1248.129,,,,,
11.407625,,,,1539.251,,,,
11.40875,,,1248.629,,,,,
11.40975,,,,1538.251,,,,
11.4105,,,1255.145,1532.251,,,,
11.41475,,,1262.645,,,,,
11.4165,,,,1531.751,,,,
11.417625,,,1263.145,,,,,
11.41975,,,1271.145,1531.251,,,,
11.4215,,,,1530.251,,,,
11.422625,,,1271.645,1529.751,,,,
11.423625,,,,1523.751,,,,
11.42475,,,1279.145,1523.251,,,,
11.427625,,,1280.145,,,,,
11.429625,,,1287.161,1522.751,,,,
11.431875,,,,1521.751,,,,
11.433625,,,1287.661,1515.735,,,,
11.43475,,,1294.161,1515.235,,,,
11.438875,,,1295.161,1514.735,,,,
11.439625,,,1301.661,,,,,
11.44175,,,,1513.735,,,,
11.4425,,,1302.161,1507.735,,,,
11.443625,,,1308.661,1507.235,,,,
11.447625,,,1309.661,,,,,
11.44875,,,1316.161,1506.735,,,,
11.450625,,,,1506.235,,,,
11.45175,,,1316.661,,,,,
11.452875,,,1317.161,1505.235,,,,
11.453625,,,1324.677,1504.735,,,,
11.45575,,,,1504.235,,,,
11.4565,,,1325.177,,,,,
11.457625,,,,1503.734,,,,
11.45875,,,1331.677,,,,,
11.459875,,,,1502.734,,,,
11.46175,,,1332.177,,,,,
11.462875,,,,1502.234,,,,
11.464625,,,1338.177,,,,,
11.46575,,,,1501.734,,,,
11.467625,,,1339.177,,,,,
11.470625,,,1339.677,,,,,
11.471625,,,1345.677,1501.234,,,,
11.475625,,,1346.177,,,,,
11.476875,,,1352.693,1500.734,,,,
11.4805,,,1353.693,,,,,
11.481625,,,1359.693,,,,,
11.48275,,,,1500.234,,,,
11.484625,,,1360.193,,,,,
11.486875,,,1367.193,,,,,
11.48975,,,1367.693,,,,,
11.4905,,,1374.693,,,,,
11.4945,,,1381.694,,,,,
11.4975,,,1388.209,,,,,
11.50075,,,1394.209,,,,,
11.502625,,,1395.209,,,,,
11.5045,,,1402.209,,,,,
11.50775,,,1408.71,,,,,
11.510625,,,1416.21,,,,,
11.513625,,,1422.725,,,,,
11.515875,,,1423.225,,,,,
11.517625,,,1430.225,,,,,
11.519875,,,1430.726,,,,,
11.520625,,,1437.726,,,,,
11.523625,,,1438.226,,,,,
11.52475,,,1445.726,,,,,
11.526625,,,1446.226,,,,,
11.5285,,,1453.741,,,,,
11.5325,,,1454.241,,,,,
11.533625,,,1460.742,,,,,
11.5365,,,1461.242,,,,,
11.53875,,,1467.242,,,,,
11.542625,,,1467.742,,,,,
11.54475,,,1468.742,,,,,
11.5465,,,1469.242,,,,,
11.548625,,,1476.242,,,,,
11.553625,,,1477.242,,,,,
11.55675,,,1477.742,,,,,
11.5585,,,1478.242,,,,,
11.560625,,,1478.742,,,,,
11.562875,,,1479.242,,,,,
11.564625,,,1486.258,,,,,
11.565625,,,1485.258,,,,,
11.56675,,,1486.258,,,,,
11.571625,,,1486.758,,,,,
11.5745,,,1487.258,,,,,
11.576625,,,1487.758,,,,,
11.577625,,,1493.758,,,,,
11.57875,,,1493.258,,,,,
11.579875,,,1493.758,,,,,
11.58375,,,1494.258,,,,,
11.5855,,,1495.258,,,,,
11.587625,,,1500.742,,,,,
11.5915,,,1501.242,,,,,
11.59475,,,1501.742,,,,,
11.596875,,,1502.242,,,,,
11.597625,,,1508.742,,,,,
11.60075,,,1509.242,,,,,
11.603625,,,1515.742,,,,,
11.607875,,,1516.242,,,,,
11.608625,,,1522.258,,,,,
11.61075,,,1522.758,,,,,
11.6125,,,1523.258,,,,,
11.6135,,,1530.758,,,,,
11.61675,,,1531.258,,,,,
11.6185,,,1537.758,,,,,
11.62275,,,1544.758,,,,,
11.6255,,,1545.259,,,,,
11.627625,,,1551.774,,,,,
11.6305,,,1552.274,,,,,
11.631625,,,1559.274,,,,,
11.6355,,,1565.274,,,,,
11.637625,,,1565.774,,,,,
11.63975,,,1571.775,,,,,
11.6415,,,1572.275,,,,,
11.6425,,,1578.275,,,,,
11.64575,,,1584.29,,,,,
11.648625,,,1590.29,,,,,
11.65175,,,1590.79,,,,,
11.652875,,,1597.291,,,,,
11.654625,,,1597.791,,,,,
11.655625,,,1603.791,,,,,
11.6585,,,1604.291,,,,,
11.660625,,,1613.291,,,,,
11.66275,,,1613.791,,,,,
11.6645,,,1621.307,,,,,
11.667625,,,1621.807,,,,,
11.66875,,,1628.807,,,,,
11.671625,,,1629.307,,,,,
11.672625,,,1636.307,,,,,
11.675875,,,1636.807,,,,,
11.6765,,,1642.807,,,,,
11.67975,,,1648.823,,,,,
11.682625,,,1649.323,,,,,
11.68475,,,1656.823,,,,,
11.688625,,,1657.323,,,,,
11.68975,,,1663.323,,,,,
11.6925,,,1663.823,,,,,
11.69575,,,1664.323,,,,,
11.6975,,,1664.823,,,,,
11.699625,,,1665.323,,,,,
11.70075,,,1671.323,,,,,
11.7085,,,1671.823,,,,,
11.7135,,,1672.323,,,,,
11.7185,,,1672.823,,,,,
11.724625,,,1673.823,,,,,
11.73175,,,1674.323,,,,,
11.73775,,,1674.823,,,,,
11.740625,,,1681.839,,,,,
11.744625,,,1682.339,,,,,
11.7465,,,1688.339,,,,,
11.749875,,,1688.839,,,,,
11.751625,,,1689.339,,,,,
11.75275,,,1696.339,,,,,
11.75575,,,1696.839,,,,,
11.7575,,,1702.839,,,,,
11.760875,,,1703.339,,,,,
11.76275,,,1703.839,,,,,
11.763875,,,1710.839,,,,,
11.767875,,,1711.339,,,,,
11.768625,,,1718.355,,,,,
11.772625,,,1719.355,,,,,
11.774875,,,1725.355,,,,,
11.7785,,,1731.855,,,,,
11.7825,,,1732.355,,,,,
11.783625,,,1738.355,,,,,
11.7875,,,1744.855,,,,,
11.79075,,,1745.355,,,,,
11.7925,,,1751.871,,,,,
11.794625,,,1752.371,,,,,
11.79675,,,1752.871,,,,,
11.797875,,,1759.871,,,,,
11.8015,,,1760.371,,,,,
11.802625,,,1766.871,,,,,
11.805625,,,1767.371,,,,,
11.806625,,,1773.871,,,,,
11.809625,,,1774.371,,,,,
11.811875,,,1780.371,,,,,
11.813625,,,1780.887,,,,,
11.815875,,,1781.387,,,,,
11.816625,,,1788.387,,,,,
11.8195,,,1788.887,,,,,
11.82175,,,1794.887,,,,,
11.823625,,,1795.387,,,,,
11.825875,,,1795.887,,,,,
11.8265,,,1802.387,,,,,
11.8295,,,1802.887,,,,,
11.83175,,,1809.388,,,,,
11.8365,,,1809.888,,,,,
11.837625,,,1816.403,,,,,
11.8405,,,1816.903,,,,,
11.84275,,,1817.403,,,,,
11.8435,,,1824.403,,,,,
11.847625,,,1825.403,,,,,
11.848625,,,1830.903,,,,,
11.851625,,,1831.403,,,,,
11.85275,,,1837.904,,,,,
11.8545,,,1838.404,,,,,
11.85675,,,1845.404,,,,,
11.858625,,,1845.904,,,,,
11.86075,,,1852.419,,,,,
11.8625,,,1852.919,,,,,
11.863625,,,1859.92,,,,,
11.8665,,,1866.42,,,,,
11.868625,,,1866.92,,,,,
11.869625,,,1872.92,,,,,
11.8715,,,1873.42,,,,,
11.8725,,,1880.936,,,,,
11.876875,,,1888.936,,,,,
11.878625,,,1889.436,,,,,
11.88075,,,1896.936,,,,,
11.8825,,,1897.436,,,,,
11.883625,,,1903.436,,,,,
11.88675,,,1909.436,,,,,
11.8885,,,1910.436,,,,,
11.890625,,,1916.452,,,,,
11.893875,,,1917.452,,,,,
11.8945,,,1923.452,,,,,
11.89775,,,1924.452,,,,,
11.898875,,,1930.452,,,,,
11.901625,,,1931.452,,,,,
11.90275,,,1937.452,,,,,
11.906625,,,1943.952,,,,,
11.9105,,,1944.452,,,,,
11.911625,,,1951.468,,,,,
11.9155,,,1957.968,,,,,
11.918625,,,1958.468,,,,,
11.9205,,,1964.468,,,,,
11.923625,,,1964.968,,,,,
11.92575,,,1971.468,,,,,
11.92975,,,1971.968,,,,,
11.930875,,,1977.968,,,,,
11.9345,,,1978.468,,,,,
11.93675,,,1978.984,,,,,
11.937875,,,1985.984,,,,,
11.942625,,,1986.484,,,,,
11.94375,,,1986.984,,,,,
11.945625,,,1995.484,,,,,
11.9505,,,1995.984,,,,,
11.952625,,,2002.484,,,,,
11.957625,,,2002.984,,,,,
11.95875,,,2003.484,,,,,
11.9605,,,2010.984,,,,,
11.96475,,,2011.484,,,,,
11.966875,,,2012,,,,,
12.024625,,,,1500.734,,,,
12.03275,,,,1501.234,,,,
12.0395,,,,1501.734,,,,
12.044625,,,,1502.234,,,,
12.0485,,,,1502.734,,,,
12.05275,,,,1503.734,,,,
12.0555,,,,1504.235,,,,
12.05875,,,,1504.735,,,,
12.0605,,,,1505.235,,,,
12.063625,,,,1506.235,,,,
12.06575,,,,1506.735,,,,
12.068625,,,,1507.235,,,,
12.0715,,,,1507.735,,,,
12.074625,,,,1508.235,,,,
12.07675,,,,1509.235,,,,
12.079,,,,1509.735,,,,
12.08175,,,,1510.235,,,,
12.084625,,,,1510.735,,,,
12.086625,,,,1511.735,,,,
12.0895,,,,1512.235,,,,
12.091625,,,,1518.251,,,,
12.09875,,,,1518.751,,,,
12.10175,,,,1519.251,,,,
12.1035,,,,1520.251,,,,
12.10675,,,,1520.751,,,,
12.1095,,,,1521.251,,,,
12.119875,,,,1520.751,,,,
12.121625,,,,1520.251,,,,
12.123875,,,,1512.235,,,,
12.127625,,,,1511.735,,,,
12.128625,,,,1505.235,,,,
12.13275,,,,1504.735,,,,
12.1345,,,,1504.235,,,,
12.137875,,,,1503.734,,,,
12.139625,,,,1502.734,,,,
12.14275,,,,1502.234,,,,
12.145625,,,,1501.734,,,,
12.150625,,,,1501.234,,,,
12.155625,,,,1500.734,,,,
12.16375,,,,1500.234,,,,
12.212625,,,2009.484,,,,,
12.2155,,,2008.984,,,,,
12.217875,,,2007.984,,,,,
12.219625,,,2001.984,,,,,
12.2215,,,2000.984,,,,,
12.22375,,,1995.484,,,,,
12.226625,,,1994.984,,,,,
12.22875,,,1993.984,,,,,
12.22975,,,1988.484,,,,,
12.2305,,,1987.984,,,,,
12.233625,,,1986.984,,,,,
12.23475,,,1980.984,,,,,
12.235875,,,1979.984,,,,,
12.237625,,,1979.484,,,,,
12.238625,,,1973.968,,,,,
12.24075,,,1972.968,,,,,
12.242625,,,1967.468,,,,,
12.243625,,,1966.968,,,,,
12.24575,,,1960.968,,,,,
12.246875,,,1960.468,,,,,
12.24875,,,1959.968,,,,,
12.249875,,,1952.968,,,,,
12.25275,,,1952.468,,,,,
12.254625,,,1945.968,,,,,
12.2575,,,1945.452,,,,,
12.25975,,,1944.452,,,,,
12.2605,,,1938.452,,,,,
12.264625,,,1937.452,,,,,
12.2675,,,1936.952,,,,,
12.26975,,,1936.452,,,,,
12.270875,,,1930.452,,,,,
12.27675,,,1931.452,,,,,
12.293625,,,1931.952,,,,,
12.2955,,,1931.452,,,,,
12.296625,,,1931.952,,,,,
12.315875,,,1932.452,,,,,
12.317625,,,1931.952,,,,,
12.3195,,,1932.452,,,,,
12.320625,,,1931.952,,,,,
12.321625,,,1932.452,,,,,
12.3235,,,1931.952,,,,,
12.331625,,,1932.452,,,,,
12.433875,,,1931.952,,,,,
12.44975,,,1931.452,,,,,
12.45675,,,1930.452,,,,,
12.457875,,,1924.952,,,,,
12.459625,,,1924.452,,,,,
12.46075,,,1918.452,,,,,
12.4615,,,1917.952,,,,,
12.46375,,,1917.452,,,,,
12.4645,,,1911.436,,,,,
12.465625,,,1910.936,,,,,
12.468625,,,1910.436,,,,,
12.46975,,,1904.436,,,,,
12.472625,,,1903.936,,,,,
12.4745,,,1897.436,,,,,
12.475625,,,1896.936,,,,,
12.4785,,,1896.436,,,,,
12.480625,,,1895.936,,,,,
12.48175,,,1889.436,,,,,
12.4835,,,1888.936,,,,,
12.48575,,,1887.936,,,,,
12.487625,,,1887.436,,,,,
12.488625,,,1881.936,,,,,
12.4905,,,1880.936,,,,,
12.49275,,,1875.42,,,,,
12.493875,,,1874.92,,,,,
12.49675,,,1873.92,,,,,
12.4975,,,1868.42,,,,,
12.498625,,,1867.92,,,,,
12.501625,,,1861.42,,,,,
12.504875,,,1860.92,,,,,
12.505625,,,1854.919,,,,,
12.5085,,,1854.419,,,,,
12.51075,,,1846.919,,,,,
12.513625,,,1845.904,,,,,
12.514875,,,1839.904,,,,,
12.51775,,,1839.404,,,,,
12.5185,,,1833.404,,,,,
12.519625,,,1832.904,,,,,
12.5215,,,1832.404,,,,,
12.5225,,,1824.403,,,,,
12.523625,,,1823.903,,,,,
12.526625,,,1817.403,,,,,
12.527625,,,1816.903,,,,,
12.530625,,,1811.388,,,,,
12.53175,,,1810.388,,,,,
12.533625,,,1809.888,,,,,
12.53475,,,1802.887,,,,,
12.5365,,,1802.387,,,,,
12.53875,,,1795.387,,,,,
12.5395,,,1794.887,,,,,
12.5425,,,1788.387,,,,,
12.543625,,,1787.887,,,,,
12.5455,,,1787.387,,,,,
12.546625,,,1780.371,,,,,
12.547625,,,1779.871,,,,,
12.5495,,,1779.371,,,,,
12.550625,,,1772.371,,,,,
12.552875,,,1771.371,,,,,
12.554625,,,1763.871,,,,,
12.5575,,,1763.371,,,,,
12.558625,,,1757.371,,,,,
12.559625,,,1756.871,,,,,
12.561875,,,1756.371,,,,,
12.5625,,,1749.871,,,,,
12.563625,,,1749.371,,,,,
12.56675,,,1742.855,,,,,
12.5675,,,1742.355,,,,,
12.57075,,,1736.355,,,,,
12.5715,,,1735.855,,,,,
12.57475,,,1735.355,,,,,
12.57575,,,1728.855,,,,,
12.5775,,,1728.355,,,,,
12.579625,,,1721.855,,,,,
12.5825,,,1721.355,,,,,
12.584625,,,1713.839,,,,,
12.58575,,,1713.339,,,,,
12.5885,,,1712.839,,,,,
12.589625,,,1706.839,,,,,
12.590625,,,1706.339,,,,,
12.5935,,,1705.839,,,,,
12.5945,,,1705.339,,,,,
12.595625,,,1697.339,,,,,
12.59875,,,1696.839,,,,,
12.6005,,,1696.339,,,,,
12.601625,,,1689.339,,,,,
12.60475,,,1688.839,,,,,
12.6065,,,1682.839,,,,,
12.607625,,,1682.339,,,,,
12.61075,,,1675.823,,,,,
12.6115,,,1675.323,,,,,
12.6145,,,1674.823,,,,,
12.615625,,,1668.323,,,,,
12.617875,,,1667.823,,,,,
12.619625,,,1667.323,,,,,
12.62075,,,1660.823,,,,,
12.6215,,,1660.323,,,,,
12.624875,,,1654.323,,,,,
12.625625,,,1653.823,,,,,
12.6285,,,1653.323,,,,,
12.63075,,,1646.807,,,,,
12.631875,,,1646.307,,,,,
12.63475,,,1645.807,,,,,
12.6355,,,1639.807,,,,,
12.636625,,,1639.307,,,,,
12.639625,,,1638.807,,,,,
12.64075,,,1638.307,,,,,
12.64175,,,1631.807,,,,,
12.6425,,,1631.307,,,,,
12.645875,,,1630.307,,,,,
12.647625,,,1624.307,,,,,
12.65175,,,1623.307,,,,,
12.653625,,,1617.306,,,,,
12.6565,,,1616.306,,,,,
12.659875,,,1615.806,,,,,
12.6605,,,1615.291,,,,,
12.661625,,,1609.791,,,,,
12.6655,,,1608.791,,,,,
12.667625,,,1608.291,,,,,
12.670875,,,1607.791,,,,,
12.672625,,,1607.291,,,,,
12.673625,,,1601.291,,,,,
12.675875,,,1600.791,,,,,
12.680625,,,1600.291,,,,,
12.68475,,,1599.791,,,,,
12.68875,,,1599.291,,,,,
12.69175,,,1598.291,,,,,
12.694625,,,1597.791,,,,,
12.69975,,,1597.291,,,,,
12.704625,,,1596.791,,,,,
12.7145,,,1596.291,,,,,
12.72475,,,1595.791,,,,,
12.7405,,,1594.791,,,,,
12.7485,,,1594.291,,,,,
12.749625,,,1587.79,,,,,
12.7525,,,1587.29,,,,,
12.753625,,,1586.79,,,,,
12.75575,,,1580.275,,,,,
12.758625,,,1579.775,,,,,
12.76075,,,1579.275,,,,,
12.7625,,,1573.275,,,,,
12.763625,,,1572.775,,,,,
12.7675,,,1572.275,,,,,
12.770625,,,1571.775,,,,,
12.77275,,,1571.275,,,,,
12.774625,,,1570.275,,,,,
12.77575,,,1564.774,,,,,
12.779875,,,1564.274,,,,,
12.782875,,,1563.274,,,,,
12.78575,,,1562.774,,,,,
12.787625,,,1562.274,,,,,
12.788625,,,1561.774,,,,,
12.7905,,,1561.274,,,,,
12.79275,,,1560.774,,,,,
12.7945,,,1559.774,,,,,
12.79675,,,1554.274,,,,,
12.8045,,,1553.774,,,,,
12.8115,,,1553.274,,,,,
12.816625,,,1552.274,,,,,
12.8195,,,1551.774,,,,,
12.82175,,,1551.274,,,,,
12.823625,,,1545.259,,,,,
12.824625,,,1544.758,,,,,
12.82875,,,1544.258,,,,,
12.8305,,,1543.758,,,,,
12.831625,,,1537.758,,,,,
12.832625,,,1537.258,,,,,
12.835625,,,1536.758,,,,,
12.83775,,,1536.258,,,,,
12.83875,,,1529.758,,,,,
12.841625,,,1529.258,,,,,
12.84375,,,1528.758,,,,,
12.8455,,,1520.758,,,,,
12.849875,,,1520.258,,,,,
12.851625,,,1519.758,,,,,
12.852625,,,1513.242,,,,,
12.8565,,,1512.742,,,,,
12.858625,,,1512.242,,,,,
12.85975,,,1506.242,,,,,
12.863625,,,1505.742,,,,,
12.8665,,,1505.242,,,,,
12.86875,,,1504.742,,,,,
12.870625,,,1504.242,,,,,
12.87175,,,1498.258,,,,,
12.876875,,,1497.258,,,,,
12.880625,,,1496.758,,,,,
12.8835,,,1496.258,,,,,
12.88575,,,1495.758,,,,,
12.888625,,,1495.258,,,,,
12.8905,,,1494.258,,,,,
12.893875,,,1493.758,,,,,
12.896875,,,1493.258,,,,,
12.899875,,,1492.758,,,,,
12.9045,,,1492.258,,,,,
12.91075,,,1491.258,,,,,
12.925625,,,1490.758,,,,,
12.942625,,,1490.258,,,,,
12.9815,,,1489.758,,,,,
13.01575,,,1489.258,,,,,
13.0165,,,1483.242,,,,,
13.018625,,,1482.242,,,,,
13.0205,,,1475.742,,,,,
13.02275,,,1475.242,,,,,
13.025625,,,1467.242,,,,,
13.02875,,,1466.742,,,,,
13.0305,,,1460.242,,,,,
13.03375,,,1459.742,,,,,
13.0355,,,1453.741,,,,,
13.036625,,,1452.741,,,,,
13.03975,,,1446.226,,,,,
13.042625,,,1445.726,,,,,
13.04475,,,1439.226,,,,,
13.0465,,,1438.226,,,,,
13.048625,,,1437.726,,,,,
13.049625,,,1431.226,,,,,
13.05075,,,1430.726,,,,,
13.0525,,,1430.225,,,,,
13.053625,,,1424.225,,,,,
13.05675,,,1423.225,,,,,
13.0585,,,1416.21,,,,,
13.06175,,,1415.71,,,,,
13.0635,,,1408.71,,,,,
13.066625,,,1408.21,,,,,
13.068875,,,1400.709,,,,,
13.07275,,,1399.709,,,,,
13.0745,,,1392.709,,,,,
13.0755,,,1392.209,,,,,
13.07875,,,1391.209,,,,,
13.079875,,,1390.709,,,,,
13.0805,,,1383.694,,,,,
13.081625,,,1383.194,,,,,
13.08475,,,1382.194,,,,,
13.0855,,,1375.193,,,,,
13.088625,,,1374.693,,,,,
13.0905,,,1367.193,,,,,
13.093625,,,1366.693,,,,,
13.09575,,,1359.693,,,,,
13.0965,,,1358.693,,,,,
13.099625,,,1352.693,,,,,
13.10075,,,1352.193,,,,,
13.1025,,,1351.693,,,,,
13.103625,,,1345.677,,,,,
13.104625,,,1345.177,,,,,
13.10675,,,1344.177,,,,,
13.1075,,,1338.177,,,,,
13.1085,,,1337.677,,,,,
13.11175,,,1337.177,,,,,
13.112875,,,1329.177,,,,,
13.115625,,,1328.677,,,,,
13.11775,,,1322.177,,,,,
13.1185,,,1321.677,,,,,
13.121625,,,1314.661,,,,,
13.1245,,,1314.161,,,,,
13.125625,,,1307.661,,,,,
13.12875,,,1307.161,,,,,
13.129875,,,1301.161,,,,,
13.1305,,,1300.661,,,,,
13.132625,,,1299.661,,,,,
13.13375,,,1293.161,,,,,
13.1365,,,1292.661,,,,,
13.138625,,,1286.161,,,,,
13.140875,,,1285.145,,,,,
13.143625,,,1278.145,,,,,
13.1465,,,1277.645,,,,,
13.148625,,,1271.645,,,,,
13.14975,,,1271.145,,,,,
13.1525,,,1270.145,,,,,
13.15475,,,1262.645,,,,,
13.15775,,,1261.645,,,,,
13.1595,,,1261.145,,,,,
13.16175,,,1254.145,,,,,
13.16475,,,1253.645,,,,,
13.166625,,,1252.645,,,,,
13.16875,,,1245.629,,,,,
13.170625,,,1245.129,,,,,
13.173625,,,1244.129,,,,,
13.17575,,,1237.129,,,,,
13.1765,,,1236.629,,,,,
13.1795,,,1236.129,,,,,
13.181625,,,1228.629,,,,,
13.183875,,,1228.129,,,,,
13.185625,,,1221.629,,,,,
13.18675,,,1221.129,,,,,
13.188625,,,1220.129,,,,,
13.190875,,,1213.113,,,,,
13.192625,,,1212.613,,,,,
13.19375,,,1206.613,,,,,
13.195625,,,1205.613,,,,,
13.197875,,,1199.113,,,,,
13.199625,,,1198.613,,,,,
13.20175,,,1192.112,,,,,
13.2035,,,1191.112,,,,,
13.20575,,,1183.597,,,,,
13.2075,,,1183.097,,,,,
13.209625,,,1175.597,,,,,
13.21175,,,1175.097,,,,,
13.2135,,,1168.096,,,,,
13.215625,,,1167.096,,,,,
13.2175,,,1158.596,,,,,
13.2185,,,1158.096,,,,,
13.221625,,,1151.581,,,,,
13.22275,,,1151.081,,,,,
13.2245,,,1143.58,,,,,
13.226625,,,1143.08,,,,,
13.22875,,,1136.08,,,,,
13.2305,,,1135.08,,,,,
13.232625,,,1127.58,,,,,
13.23475,,,1127.08,,,,,
13.2365,,,1119.565,,,,,
13.237625,,,1119.064,,,,,
13.23975,,,1113.064,,,,,
13.24075,,,1112.564,,,,,
13.2425,,,1111.564,,,,,
13.243625,,,1103.564,,,,,
13.24475,,,1102.564,,,,,
13.246625,,,1096.064,,,,,
13.248875,,,1095.564,,,,,
13.2495,,,1089.064,,,,,
13.25175,,,1088.064,,,,,
13.2525,,,1080.548,,,,,
13.253625,,,1080.048,,,,,
13.255875,,,1072.048,,,,,
13.257625,,,1065.548,,,,,
13.2595,,,1064.548,,,,,
13.260625,,,1057.548,,,,,
13.26175,,,1057.048,,,,,
13.2635,,,1047.532,,,,,
13.264625,,,1046.532,,,,,
13.2665,,,1039.032,,,,,
13.267625,,,1038.032,,,,,
13.26875,,,1032.032,,,,,
13.270625,,,1024.532,,,,,
13.271625,,,1024.032,,,,,
13.27275,,,1018.016,,,,,
13.274625,,,1010.516,,,,,
13.276875,,,1004.016,,,,,
13.277625,,,1003.516,,,,,
13.278625,,,996.516,,,,,
13.27975,,,996.016,,,,,
13.2805,,,989.016,,,,,
13.281625,,,988,,,,,
13.29775,,,,1497.25,,,,
13.299625,,,,1496.75,,,,
13.302625,,,,1496.25,,,,
13.303625,,,,1489.25,,,,
13.306625,,,,1488.25,,,,
13.308875,,,,1481.734,,,,
13.31175,,,,1480.734,,,,
13.313625,,,,1480.234,,,,
13.31475,,,,1473.734,,,,
13.315875,,,,1473.234,,,,
13.318875,,,,1472.734,,,,
13.320625,,,,1472.234,,,,
13.32175,,,,1471.234,,,,
13.3225,,,,1465.234,,,,
13.325875,,,,1464.734,,,,
13.32875,,,,1463.734,,,,
13.330625,,,,1463.234,,,,
13.332875,,,,1462.734,,,,
13.3355,,,,1461.734,,,,
13.336625,,,,1461.234,,,,
13.3395,,,,1460.734,,,,
13.34175,,,,1460.234,,,,
13.344625,,,,1459.234,,,,
13.346875,,,,1458.734,,,,
13.349625,,,,1458.234,,,,
13.3515,,,,1457.734,,,,
13.353625,,,,1456.734,,,,
13.35575,,,,1456.234,,,,
13.3575,,,,1455.734,,,,
13.359625,,,,1455.234,,,,
13.36175,,,,1454.234,,,,
13.3635,,,,1453.734,,,,
13.365625,,,,1453.234,,,,
13.36775,,,,1452.734,,,,
13.3685,,,,1451.734,,,,
13.3705,,,,1444.219,,,,
13.3785,,,,1443.719,,,,
13.382625,,,,1443.219,,,,
13.38575,,,,1442.719,,,,
13.3885,,,,1441.719,,,,
13.391625,,,,1441.219,,,,
13.393625,,,,1440.719,,,,
13.3965,,,,1440.219,,,,
13.3995,,,,1439.219,,,,
13.401625,,,,1438.719,,,,
13.40475,,,,1438.219,,,,
13.407625,,,,1437.719,,,,
13.413625,,,,1438.219,,,,
13.414625,,,,1445.219,,,,
13.416875,,,,1451.734,,,,
13.418625,,,,1452.734,,,,
13.419625,,,,1462.734,,,,
13.42175,,,,1474.734,,,,
13.4225,,,,1482.234,,,,
13.423625,,,,1494.25,,,,
13.424625,,,,1500.234,,,,
13.42575,,,,1504.735,,,,
13.42675,,,,1504.235,,,,
13.4275,,,,1500.234,,,,
14.058625,,1509.735,,,,,,
14.062625,,1510.235,,,,,,
14.064875,,1510.735,,,,,,
14.065625,,1516.751,,,,,,
14.069625,,1517.751,,,,,,
14.071875,,1524.751,,,,,,
14.074875,,1525.751,,,,,,
14.075625,,1531.751,,,,,,
14.07675,,1531.251,,,,,,
14.077875,,1531.751,,,,,,
14.07975,,1532.251,,,,,,
14.081625,,1539.751,,,,,,
14.083875,,1540.251,,,,,,
14.08575,,1540.751,,,,,,
14.086875,,1548.251,,,,,,
14.089875,,1548.751,,,,,,
14.09175,,1556.767,,,,,,
14.093625,,1557.267,,,,,,
14.0965,,1563.268,,,,,,
14.09875,,1563.768,,,,,,
14.1005,,1570.768,,,,,,
14.103875,,1571.268,,,,,,
14.10575,,1577.268,,,,,,
14.107625,,1577.768,,,,,,
14.108625,,1584.284,,,,,,
14.11275,,1584.784,,,,,,
14.1135,,1592.284,,,,,,
14.1175,,1599.284,,,,,,
14.12075,,1599.784,,,,,,
14.1215,,1606.785,,,,,,
14.125625,,1613.785,,,,,,
14.1285,,1614.785,,,,,,
14.129625,,1620.801,,,,,,
14.1325,,1621.301,,,,,,
14.133625,,1628.801,,,,,,
14.13675,,1629.301,,,,,,
14.1375,,1635.301,,,,,,
14.139625,,1635.801,,,,,,
14.14175,,1643.301,,,,,,
14.1435,,1643.801,,,,,,
14.145625,,1651.317,,,,,,
14.14775,,1651.817,,,,,,
14.1495,,1660.317,,,,,,
14.15375,,1660.817,,,,,,
14.1545,,1668.818,,,,,,
14.157625,,1669.318,,,,,,
14.15875,,1676.318,,,,,,
14.162625,,1676.818,,,,,,
14.16375,,1682.834,,,,,,
14.1655,,1683.334,,,,,,
14.167625,,1690.334,,,,,,
14.16975,,1690.834,,,,,,
14.172625,,1698.334,,,,,,
14.1745,,1698.834,,,,,,
14.176625,,1699.334,,,,,,
14.17775,,1707.334,,,,,,
14.179625,,1707.834,,,,,,
14.18075,,1713.835,,,,,,
14.18475,,1714.85,,,,,,
14.1855,,1721.351,,,,,,
14.18775,,1721.851,,,,,,
14.189625,,1729.851,,,,,,
14.1925,,1730.351,,,,,,
14.193625,,1736.851,,,,,,
14.1965,,1742.851,,,,,,
14.1995,,1743.351,,,,,,
14.20175,,1750.867,,,,,,
14.204625,,1757.867,,,,,,
14.207625,,1758.367,,,,,,
14.209875,,1764.367,,,,,,
14.216875,,1765.367,,,,,,
14.221625,,1765.867,,,,,,
14.2245,,1766.368,,,,,,
14.22675,,1772.368,,,,,,
14.229625,,1773.368,,,,,,
14.23175,,1773.868,,,,,,
14.233625,,1780.884,,,,,,
14.239625,,1781.884,,,,,,
14.242875,,1782.384,,,,,,
14.244625,,1788.384,,,,,,
14.249625,,1788.884,,,,,,
14.2535,,1789.884,,,,,,
14.255625,,1790.384,,,,,,
14.25775,,1790.884,,,,,,
14.2585,,1797.384,,,,,,
14.26375,,1798.384,,,,,,
14.2645,,1798.884,,,,,,
14.266625,,1799.384,,,,,,
14.267625,,1805.384,,,,,,
14.274625,,1806.384,,,,,,
14.277625,,1806.884,,,,,,
14.27975,,1807.884,,,,,,
14.2805,,1808.384,,,,,,
14.281625,,1815.4,,,,,,
14.28275,,1814.4,,,,,,
14.2835,,1815.4,,,,,,
14.288625,,1815.9,,,,,,
14.2915,,1816.4,,,,,,
14.29375,,1816.9,,,,,,
14.2955,,1824.401,,,,,,
14.296625,,1823.901,,,,,,
14.298875,,1824.401,,,,,,
14.30475,,1824.901,,,,,,
14.306625,,1825.401,,,,,,
14.309875,,1826.401,,,,,,
14.3105,,1826.901,,,,,,
14.311625,,1832.901,,,,,,
14.317625,,1833.401,,,,,,
14.318625,,1834.401,,,,,,
14.3205,,1840.901,,,,,,
14.32475,,1841.401,,,,,,
14.3265,,1841.901,,,,,,
14.327625,,1848.917,,,,,,
14.331625,,1849.417,,,,,,
14.333625,,1849.917,,,,,,
14.33475,,1856.417,,,,,,
14.338625,,1856.917,,,,,,
14.34075,,1864.417,,,,,,
14.3415,,1863.917,,,,,,
14.342625,,1864.417,,,,,,
14.34575,,1865.417,,,,,,
14.347625,,1871.418,,,,,,
14.351875,,1871.918,,,,,,
14.353625,,1872.418,,,,,,
14.35575,,1878.918,,,,,,
14.359625,,1879.418,,,,,,
14.3615,,1879.933,,,,,,
14.363625,,1880.433,,,,,,
14.3655,,1886.434,,,,,,
14.3685,,1887.434,,,,,,
14.37175,,1887.934,,,,,,
14.37475,,1888.434,,,,,,
14.375875,,1888.934,,,,,,
14.3765,,1895.434,,,,,,
14.381625,,1895.934,,,,,,
14.384625,,1896.434,,,,,,
14.386875,,1896.934,,,,,,
14.3875,,1903.934,,,,,,
14.392625,,1904.434,,,,,,
14.3945,,1904.934,,,,,,
14.39675,,1905.434,,,,,,
14.39775,,1912.95,,,,,,
14.402875,,1913.45,,,,,,
14.404625,,1919.45,,,,,,
14.40775,,1919.95,,,,,,
14.409625,,1920.95,,,,,,
14.410625,,1926.951,,,,,,
14.4135,,1927.451,,,,,,
14.415625,,1927.951,,,,,,
14.416625,,1935.951,,,,,,
14.420625,,1941.951,,,,,,
14.42375,,1942.951,,,,,,
14.4245,,1949.467,,,,,,
14.42775,,1949.967,,,,,,
14.42875,,1957.467,,,,,,
14.431625,,1957.967,,,,,,
14.432625,,1966.467,,,,,,
14.4355,,1966.967,,,,,,
14.436625,,1974.968,,,,,,
14.43975,,1975.468,,,,,,
14.4405,,1984.484,,,,,,
14.444875,,1992.984,,,,,,
14.4485,,1998.984,,,,,,
14.45075,,1999.484,,,,,,
14.4515,,2006.484,,,,,,
14.45475,,2006.984,,,,,,
14.4555,,2012,,,,,,
14.50475,1493.75,,,,,,,
14.5075,1492.75,,,,,,,
14.509625,1492.25,,,,,,,
14.51175,1491.75,,,,,,,
14.513625,1485.25,,,,,,,
14.51475,1484.75,,,,,,,
14.520625,1484.25,,,,,,,
14.523625,1483.75,,,,,,,
14.52575,1482.734,,,,,,,
14.528625,1476.734,,,,,,,
14.529625,1475.734,,,,,,,
14.535625,1475.234,,,,,,,
14.5385,1474.734,,,,,,,
14.540625,1474.234,,,,,,,
14.54275,1473.234,,,,,,,
14.545625,1472.734,,,,,,,
14.547875,1472.234,,,,,,,
14.549625,1471.734,,,,,,,
14.5515,1470.734,,,,,,,
14.55375,1470.234,,,,,,,
14.555625,1464.234,,,,,,,
14.56775,1463.234,,,,,,,
14.5865,1464.234,,,,,,,
14.590625,1464.734,,,,,,,
14.5935,1465.234,,,,,,,
14.596625,1465.734,,,,,,,
14.5995,1466.734,,,,,,,
14.601625,1467.234,,,,,,,
14.60375,1467.734,,,,,,,
14.6055,1468.234,,,,,,,
14.606625,1474.734,,,,,,,
14.6115,1475.234,,,,,,,
14.61475,1475.734,,,,,,,
14.6165,1476.734,,,,,,,
14.617625,1482.734,,,,,,,
14.618625,1482.234,,,,,,,
14.62075,1482.734,,,,,,,
14.624625,1483.75,,,,,,,
14.62675,1484.25,,,,,,,
14.6285,1484.75,,,,,,,
14.630625,1485.25,,,,,,,
14.632875,1491.75,,,,,,,
14.6365,1492.25,,,,,,,
14.6395,1492.75,,,,,,,
14.641625,1493.75,,,,,,,
14.6435,1494.25,,,,,,,
14.64575,1494.75,,,,,,,
14.647625,1495.25,,,,,,,
14.648625,1496.25,,,,,,,
14.649875,1500.234,,,,,,,
14.837625,,2006.484,,,,,,
14.8425,,2005.484,,,,,,
14.845875,,2004.984,,,,,,
14.846625,,1997.484,,,,,,
14.847625,,1996.984,,,,,,
14.850625,,1996.484,,,,,,
14.85175,,1990.484,,,,,,
14.852875,,1989.984,,,,,,
14.854625,,1982.983,,,,,,
14.85575,,1982.483,,,,,,
14.857625,,1981.983,,,,,,
14.85875,,1973.968,,,,,,
14.8595,,1973.468,,,,,,
14.861625,,1966.967,,,,,,
14.86275,,1966.467,,,,,,
14.864625,,1958.467,,,,,,
14.866875,,1957.967,,,,,,
14.867625,,1949.967,,,,,,
14.8695,,1943.451,,,,,,
14.871625,,1936.451,,,,,,
14.8735,,1935.951,,,,,,
14.874625,,1927.451,,,,,,
14.8765,,1921.45,,,,,,
14.8775,,1920.95,,,,,,
14.878625,,1912.434,,,,,,
14.87975,,1911.434,,,,,,
14.8805,,1904.934,,,,,,
14.881625,,1904.434,,,,,,
14.88275,,1896.434,,,,,,
14.88375,,1895.934,,,,,,
14.8845,,1888.434,,,,,,
14.885625,,1887.934,,,,,,
14.88675,,1880.433,,,,,,
14.887875,,1879.933,,,,,,
14.888625,,1871.418,,,,,,
14.890875,,1862.917,,,,,,
14.892625,,1852.917,,,,,,
14.89375,1499.75,1852.417,,,,,,
14.8945,,1843.401,,,,,,
14.895625,1499.25,,,,,,,
14.89675,,1832.901,,,,,,
14.897875,1498.75,,,,,,,
14.898625,,1823.4,,,,,,
14.899625,1492.25,,,,,,,
14.90075,,1812.885,,,,,,
14.902625,,1801.884,,,,,,
14.9045,,1791.884,,,,,,
14.905625,,1785.884,,,,,,
14.906625,,1785.384,,,,,,
14.90775,,1775.368,,,,,,
14.9085,1491.75,1774.868,,,,,,
14.909625,1492.25,1765.367,,,,,,
14.910625,,1764.367,,,,,,
14.911625,1491.75,1754.367,,,,,,
14.91275,1492.25,1753.867,,,,,,
14.9135,,1742.851,,,,,,
14.915625,,1732.851,,,,,,
14.916625,,1732.351,,,,,,
14.91775,,1722.351,,,,,,
14.919625,1492.75,1714.85,,,,,,
14.92075,,1713.835,,,,,,
14.921875,,1703.834,,,,,,
14.922625,,1703.334,,,,,,
14.923625,1493.75,1694.334,,,,,,
14.9255,,1686.834,,,,,,
14.92775,1494.25,1677.818,,,,,,
14.9295,1494.75,1671.318,,,,,,
14.930625,,1670.818,,,,,,
14.93175,1495.25,1663.317,,,,,,
14.9325,,1662.817,,,,,,
14.933625,1496.25,1655.317,,,,,,
14.934625,1496.75,1654.817,,,,,,
14.935875,,1646.301,,,,,,
14.9365,1497.25,,,,,,,
14.937625,,1640.301,,,,,,
14.93875,1500.234,1639.801,,,,,,
14.9395,,1632.301,,,,,,
14.940625,,1631.801,,,,,,
14.94175,,1624.801,,,,,,
14.942875,,1624.301,,,,,,
14.943625,,1617.8,,,,,,
14.94475,,1616.8,,,,,,
14.9455,,1610.785,,,,,,
14.946625,,1610.285,,,,,,
14.94775,,1604.284,,,,,,
14.948875,,1603.784,,,,,,
14.95075,,1593.284,,,,,,
14.952625,,1592.784,,,,,,
14.95375,,1584.784,,,,,,
14.9545,,1584.284,,,,,,
14.95675,,1574.268,,,,,,
14.9585,,1573.768,,,,,,
14.959625,,1565.768,,,,,,
14.9615,,1565.268,,,,,,
14.962625,,1557.267,,,,,,
14.96475,,1556.767,,,,,,
14.9655,,1548.251,,,,,,
14.96775,,1542.251,,,,,,
14.968875,,1541.251,,,,,,
14.970625,,1533.251,,,,,,
14.9725,,1532.751,,,,,,
14.973625,,1525.751,,,,,,
14.97475,,1524.751,,,,,,
14.975875,,1518.751,,,,,,
14.97775,,1518.251,,,,,,
14.9785,,1510.735,,,,,,
14.979625,,1510.235,,,,,,
14.981875,,1503.734,,,,,,
14.982625,,1502.734,,,,,,
14.98475,,1502.234,,,,,,
14.98775,,1501.734,,,,,,
14.990625,,1501.234,,,,,,
14.993625,,1500.234,,,,,,
15.053625,1501.234,,,,,,,
15.0565,1501.734,,,,,,,
15.05975,1502.234,,,,,,,
15.062625,1502.734,,,,,,,
15.065875,1503.734,,,,,,,
15.07075,1504.235,,,,,,,
15.0845,1503.734,,,,,,,
15.08775,1502.734,,,,,,,
15.0905,1502.234,,,,,,,
15.093875,1501.734,,,,,,,
15.095625,1501.234,,,,,,,
15.098625,1500.234,,,,,,,
15.152625,,1499.75,,,,,,
15.1545,,1499.25,,,,,,
15.155625,,1490.75,,,,,,
15.156625,,1490.25,,,,,,
15.158875,,1489.25,,,,,,
15.1595,,1482.234,,,,,,
15.16175,,1481.734,,,,,,
15.1625,,1473.734,,,,,,
15.163625,,1473.234,,,,,,
15.165875,,1465.734,,,,,,
15.167625,,1464.734,,,,,,
15.16875,,1456.734,,,,,,
15.1695,,1455.734,,,,,,
15.17175,,1447.219,,,,,,
15.173625,,1446.219,,,,,,
15.174625,,1438.719,,,,,,
15.1765,,1431.219,,,,,,
15.17875,,1430.219,,,,,,
15.1795,,1422.219,,,,,,
15.1805,,1421.219,,,,,,
15.18275,,1413.203,,,,,,
15.1835,,1412.203,,,,,,
15.184625,,1404.203,,,,,,
15.18675,,1403.203,,,,,,
15.1875,,1395.203,,,,,,
15.18975,,1394.703,,,,,,
15.190875,,1385.703,,,,,,
15.191625,,1384.703,,,,,,
15.193875,,1375.688,,,,,,
15.195625,,1369.188,,,,,,
15.19675,,1368.688,,,,,,
15.198625,,1361.688,,,,,,
15.199625,,1361.188,,,,,,
15.2015,,1352.188,,,,,,
15.20375,,1343.672,,,,,,
15.2055,,1343.172,,,,,,
15.206625,,1334.672,,,,,,
15.20775,,1334.172,,,,,,
15.2085,,1327.672,,,,,,
15.209625,,1327.172,,,,,,
15.21075,,1320.172,,,,,,
15.212625,,1312.156,,,,,,
15.214875,,1311.656,,,,,,
15.215625,,1302.156,,,,,,
15.216875,,1301.156,,,,,,
15.218625,,1291.656,,,,,,
15.21975,,1291.156,,,,,,
15.2205,,1284.641,,,,,,
15.222625,1499.75,1284.141,,,,,,
15.22375,,1276.141,,,,,,
15.2255,1499.25,1270.141,,,,,,
15.226625,,1269.141,,,,,,
15.22875,,1261.141,,,,,,
15.2295,1498.75,,,,,,,
15.2305,,1260.141,,,,,,
15.231625,,1253.141,,,,,,
15.23375,,1252.641,,,,,,
15.234875,,1243.625,,,,,,
15.2355,,1243.125,,,,,,
15.237625,,1235.125,,,,,,
15.239875,,1234.625,,,,,,
15.241625,,1227.125,,,,,,
15.242625,,1226.125,,,,,,
15.243625,1499.25,,,,,,,
15.24475,,1218.609,,,,,,
15.2465,1499.75,,,,,,,
15.247625,,1218.109,,,,,,
15.248625,,1210.109,,,,,,
15.249625,1500.234,1209.609,,,,,,
15.251875,,1201.609,,,,,,
15.2525,,1201.109,,,,,,
15.254625,,1194.109,,,,,,
15.255625,,1193.609,,,,,,
15.25675,,1187.109,,,,,,
15.2585,,1180.594,,,,,,
15.2595,,1180.094,,,,,,
15.261625,,1171.594,,,,,,
15.26375,,1171.094,,,,,,
15.2645,,1163.594,,,,,,
15.2655,,1162.594,,,,,,
15.266625,,1155.094,,,,,,
15.26975,,1154.594,,,,,,
15.2705,,1144.578,,,,,,
15.272625,,1143.578,,,,,,
15.273625,,1135.078,,,,,,
15.2755,,1134.578,,,,,,
15.2765,,1128.078,,,,,,
15.277625,,1127.578,,,,,,
15.27975,,1120.578,,,,,,
15.28075,,1119.562,,,,,,
15.282625,,1112.562,,,,,,
15.28475,,1112.062,,,,,,
15.28575,,1105.062,,,,,,
15.2875,,1104.062,,,,,,
15.289625,,1096.562,,,,,,
15.2915,,1096.062,,,,,,
15.29375,,1089.062,,,,,,
15.294875,,1088.562,,,,,,
15.296625,,1081.047,,,,,,
15.29775,,1080.547,,,,,,
15.299625,,1080.047,,,,,,
15.30175,,1071.547,,,,,,
15.3025,,1071.047,,,,,,
15.30475,,1070.547,,,,,,
15.305875,,1064.047,,,,,,
15.307625,,1063.047,,,,,,
15.309875,,1056.047,,,,,,
15.3105,,1055.547,,,,,,
15.31375,,1049.031,,,,,,
15.31475,,1048.531,,,,,,
15.317625,,1048.031,,,,,,
15.318625,,1039.531,,,,,,
15.31975,,1039.031,,,,,,
15.322625,,1038.531,,,,,,
15.32475,,1031.031,,,,,,
15.3275,,1030.531,,,,,,
15.329625,,1030.031,,,,,,
15.33075,,1023.031,,,,,,
15.3315,,1022.031,,,,,,
15.334625,,1021.531,,,,,,
15.33675,,1014.516,,,,,,
15.3395,,1014.016,,,,,,
15.34275,,1013.016,,,,,,
15.3435,,1006.016,,,,,,
15.3445,,1005.516,,,,,,
15.34875,,1005.016,,,,,,
15.351625,,1004.016,,,,,,
15.352625,,998.016,,,,,,
15.35475,,997.016,,,,,,
15.357625,,996.516,,,,,,
15.35975,,996.016,,,,,,
15.360875,,989.016,,,,,,
15.3615,,988,,,,,,
15.396625,1503.734,,,,,,,
15.4005,1504.235,,,,,,,
15.4045,1504.735,,,,,,,
15.40675,1505.235,,,,,,,
15.408625,1505.735,,,,,,,
15.41075,1506.735,,,,,,,
15.4115,1512.735,,,,,,,
15.4125,1512.235,,,,,,,
15.41575,1512.735,,,,,,,
15.419625,1513.235,,,,,,,
15.4235,1513.735,,,,,,,
15.425625,1514.235,,,,,,,
15.4285,1515.235,,,,,,,
15.430625,1515.735,,,,,,,
15.433625,1516.235,,,,,,,
15.43575,1516.751,,,,,,,
15.437625,1517.751,,,,,,,
15.440625,1518.251,,,,,,,
15.442875,1518.751,,,,,,,
15.444625,1519.251,,,,,,,
15.4465,1519.751,,,,,,,
15.449875,1520.751,,,,,,,
15.45275,1521.251,,,,,,,
15.456875,1521.751,,,,,,,
15.4605,1522.251,,,,,,,
15.468625,1523.251,,,,,,,
15.47075,1522.251,,,,,,,
15.47775,1521.751,,,,,,,
15.48075,1521.251,,,,,,,
15.48475,1520.751,,,,,,,
15.486625,1519.751,,,,,,,
15.4885,1519.251,,,,,,,
15.489625,1518.751,,,,,,,
15.491875,1518.251,,,,,,,
15.492625,1512.235,,,,,,,
15.496625,1511.235,,,,,,,
15.500625,1510.735,,,,,,,
15.5025,1510.235,,,,,,,
15.50475,1504.235,,,,,,,
15.506625,1503.734,,,,,,,
15.513625,1502.734,,,,,,,
15.5165,1502.234,,,,,,,
15.51975,1501.734,,,,,,,
15.521625,1501.234,,,,,,,
15.523875,1500.234,,,,,,,
15.60575,,994.516,,,,,,
15.61075,,995.016,,,,,,
15.6125,,996.016,,,,,,
15.613625,,1003.016,,,,,,
15.61675,,1003.516,,,,,,
15.6185,,1004.016,,,,,,
15.619625,,1010.516,,,,,,
15.6235,,1017.516,,,,,,
15.626625,,1018.516,,,,,,
15.62775,,1025.531,,,,,,
15.6295,,1026.031,,,,,,
15.630625,,1032.531,,,,,,
15.632625,,1033.031,,,,,,
15.63375,,1042.531,,,,,,
15.636625,,1049.531,,,,,,
15.63875,,1050.531,,,,,,
15.63975,,1059.547,,,,,,
15.6415,,1066.547,,,,,,
15.643625,,1075.047,,,,,,
15.64575,,1082.047,,,,,,
15.6475,,1091.062,,,,,,
15.649625,,1099.062,,,,,,
15.6515,,1108.562,,,,,,
15.653625,,1117.062,,,,,,
15.65475,,1117.562,,,,,,
15.655875,,1127.578,,,,,,
15.657625,,1137.078,,,,,,
15.65975,,1147.078,,,,,,
15.6615,,1159.094,,,,,,
15.663625,,1169.094,,,,,,
15.664625,,1169.594,,,,,,
15.66575,,1180.594,,,,,,
15.666875,,1187.609,,,,,,
15.6675,,1188.609,,,,,,
15.668625,,1198.609,,,,,,
15.669625,,1199.109,,,,,,
15.67075,,1210.109,,,,,,
15.67175,,1217.109,,,,,,
15.672875,,1218.109,,,,,,
15.6735,,1230.125,,,,,,
15.674625,,1236.625,,,,,,
15.675625,,1243.125,,,,,,
15.67775,,1256.641,,,,,,
15.6785,,1262.641,,,,,,
15.680625,,1276.141,,,,,,
15.681625,,1277.141,,,,,,
15.68275,,1289.656,,,,,,
15.68375,,1298.156,,,,,,
15.6845,,1306.656,,,,,,
15.6855,,1315.656,,,,,,
15.686625,,1325.672,,,,,,
15.687625,,1337.172,,,,,,
15.68875,,1350.172,,,,,,
15.6895,,1364.188,,,,,,
15.6905,,1378.188,,,,,,
15.691625,,1391.203,,,,,,
15.6925,,1405.203,,,,,,
15.6935,,1418.719,,,,,,
15.69475,,1434.219,,,,,,
15.69575,,1449.719,,,,,,
15.69675,,1466.734,,,,,,
15.6975,,1487.25,,,,,,
15.698625,,1500.234,,,,,,
15.699625,,1515.735,,,,,,
15.70075,,1526.751,,,,,,
15.7035,,1515.735,,,,,,
15.704625,,1500.234,,,,,,
15.705625,,1491.25,,,,,,
15.70675,,1479.234,,,,,,
15.7075,,1478.234,,,,,,
15.7095,,1485.75,,,,,,
15.710625,,1500.234,,,,,,
15.711625,,1506.735,,,,,,
15.71275,,1518.751,,,,,,
15.715625,,1509.735,,,,,,
15.71675,,1500.234,,,,,,
15.71775,,1490.75,,,,,,
15.7185,,1482.234,,,,,,
15.721625,,1499.75,,,,,,
15.72275,,1502.734,,,,,,
15.7235,,1512.735,,,,,,
15.726625,,1502.734,,,,,,
15.727625,,1499.75,,,,,,
15.72875,,1488.75,,,,,,
15.731625,,1499.25,,,,,,
15.732625,,1501.734,,,,,,
15.73375,,1508.235,,,,,,
15.7365,,1500.234,,,,,,
15.737625,,1497.25,,,,,,
15.738625,,1496.25,,,,,,
15.73975,,1495.75,,,,,,
15.74075,,1496.25,,,,,,
15.7415,,1500.234,,,,,,
15.7425,,1507.235,,,,,,
15.744625,,1506.735,,,,,,
15.74575,,1500.234,,,,,,
15.74675,,1496.25,,,,,,
15.7475,,1495.75,,,,,,
15.7485,,1496.25,,,,,,
15.749625,,1500.234,,,,,,
15.75075,,1505.235,,,,,,
15.7535,,1500.234,,,,,,
15.872625,1497.75,,,,,,,
15.87375,1497.25,,,,,,,
15.8755,1496.75,,,,,,,
15.876625,1487.75,,,,,,,
15.8785,1487.25,,,,,,,
15.879625,1480.234,,,,,,,
15.88075,1479.734,,,,,,,
15.882625,1472.234,,,,,,,
15.883625,1471.734,,,,,,,
15.88475,1464.734,,,,,,,
15.8855,1464.234,,,,,,,
15.886625,1456.234,,,,,,,
15.88775,1455.734,,,,,,,
15.8885,1447.219,,,,,,,
15.890625,1446.719,,,,,,,
15.89175,1435.719,,,,,,,
15.893625,1428.219,,,,,,,
15.89475,1427.719,,,,,,,
15.895875,1418.219,,,,,,,
15.8965,1417.719,,,,,,,
15.897625,1410.203,,,,,,,
15.8995,1401.703,,,,,,,
15.900625,1401.203,,,,,,,
15.901625,1392.203,,,,,,,
15.9035,1383.688,,,,,,,
15.904625,1377.688,,,,,,,
15.90575,1376.688,,,,,,,
15.9065,1369.188,,,,,,,
15.907625,,1499.75,,,,,,
15.908625,1360.688,,,,,,,
15.90975,1360.188,1491.75,,,,,,
15.9105,1351.688,,,,,,,
15.911625,1351.172,,,,,,,
15.91275,1342.672,,,,,,,
15.913875,1341.672,,,,,,,
15.9145,1331.672,1491.25,,,,,,
15.915625,1331.172,,,,,,,
15.91675,1323.172,,,,,,,
15.9175,1322.172,1490.75,,,,,,
15.918625,1314.156,,,,,,,
15.919625,1313.656,,,,,,,
15.92075,1305.156,1490.25,,,,,,
15.9225,1295.656,1489.25,,,,,,
15.9235,1294.656,,,,,,,
15.924625,1286.156,,,,,,,
15.925625,,1488.75,,,,,,
15.92675,1277.641,,,,,,,
15.92775,1277.141,,,,,,,
15.9285,1270.141,,,,,,,
15.9295,,1488.25,,,,,,
15.930625,1262.641,,,,,,,
15.93275,1254.641,,,,,,,
15.9345,1247.625,,,,,,,
15.935625,1247.125,,,,,,,
15.936625,1239.625,,,,,,,
15.93775,1239.125,,,,,,,
15.93875,1232.125,,,,,,,
15.940625,1231.625,1488.75,,,,,,
15.941625,1222.125,,,,,,,
15.94375,1221.625,1489.25,,,,,,
15.9445,1213.109,1490.25,,,,,,
15.946625,1207.109,1497.25,,,,,,
15.947625,1206.109,,,,,,,
15.9495,1198.609,,,,,,,
15.951625,1198.109,1497.75,,,,,,
15.952625,1189.609,,,,,,,
15.95475,1183.094,,,,,,,
15.9555,1182.594,,,,,,,
15.9565,,1498.25,,,,,,
15.957625,1175.594,,,,,,,
15.958625,1175.094,,,,,,,
15.95975,1168.594,,,,,,,
15.9605,1168.094,,,,,,,
15.9615,,1499.25,,,,,,
15.962625,1159.094,,,,,,,
15.96475,1158.594,,,,,,,
15.9655,1150.578,,,,,,,
15.96775,1143.078,,,,,,,
15.9685,,1499.75,,,,,,
15.969625,1142.578,,,,,,,
15.970625,1135.078,,,,,,,
15.97175,1134.078,,,,,,,
15.9725,1128.078,,,,,,,
15.973625,1127.578,,,,,,,
15.97475,1121.078,,,,,,,
15.975875,1120.578,1500.234,,,,,,
15.977625,1112.562,,,,,,,
15.97875,1111.562,,,,,,,
15.9795,1105.562,,,,,,,
15.980625,1104.562,,,,,,,
15.982875,1096.562,,,,,,,
15.983625,1096.062,,,,,,,
15.98475,1088.062,,,,,,,
15.986625,1080.547,,,,,,,
15.988875,1079.547,,,,,,,
15.9895,1071.547,,,,,,,
15.99175,1064.047,,,,,,,
15.9925,1063.547,,,,,,,
15.99475,1053.531,,,,,,,
15.996625,1052.531,,,,,,,
15.997625,1042.531,,,,,,,
15.9995,1035.031,,,,,,,
16.00175,1029.031,,,,,,,
16.002875,1028.531,,,,,,,
16.004625,1018.516,,,,,,,
16.0065,1017.516,,,,,,,
16.007625,1009.516,,,,,,,
16.00875,1009.016,,,,,,,
16.0105,1001.516,,,,,,,
16.012625,1000.516,,,,,,,
16.01375,992.016,,,,,,,
16.0145,991.516,,,,,,,
16.016625,990.016,,,,,,,
16.0185,989.516,,,,,,,
16.020625,989.016,,,,,,,
16.0225,988,,,,,,,
16.043875,,1504.735,,,,,,
16.048625,,1505.235,,,,,,
16.050875,,1505.735,,,,,,
16.052625,,1512.735,,,,,,
16.05775,,1513.235,,,,,,
16.059625,,1513.735,,,,,,
16.061875,,1514.735,,,,,,
16.063625,,1520.751,,,,,,
16.066625,,1521.251,,,,,,
16.069625,,1521.751,,,,,,
16.0725,,1522.251,,,,,,
16.073625,,1523.251,,,,,,
16.075875,,1523.751,,,,,,
16.077625,,1531.251,,,,,,
16.07875,,1530.251,,,,,,
16.0795,,1531.251,,,,,,
16.085625,,1531.751,,,,,,
16.0885,,1532.251,,,,,,
16.091625,,1532.751,,,,,,
16.0945,,1533.251,,,,,,
16.09775,,1534.251,,,,,,
16.101625,,1534.751,,,,,,
16.107625,,1535.251,,,,,,
16.1125,,1534.751,,,,,,
16.119625,,1534.251,,,,,,
16.1235,,1533.251,,,,,,
16.12675,,1532.751,,,,,,
16.1285,,1532.251,,,,,,
16.130625,,1531.751,,,,,,
16.13275,,1531.251,,,,,,
16.134625,,1530.251,,,,,,
16.136875,,1524.251,,,,,,
16.14275,,1523.751,,,,,,
16.1475,,1523.251,,,,,,
16.1505,,1522.251,,,,,,
16.152625,,1521.751,,,,,,
16.155625,,1521.251,,,,,,
16.157875,,1514.735,,,,,,
16.1615,,1513.735,,,,,,
16.166625,,1513.235,,,,,,
16.1685,,1512.735,,,,,,
16.1715,,1512.235,,,,,,
16.172625,,1505.735,,,,,,
16.1755,,1505.235,,,,,,
16.181875,,1504.735,,,,,,
16.184875,,1504.235,,,,,,
16.186625,,1503.734,,,,,,
16.1885,,1502.734,,,,,,
16.1915,,1502.234,,,,,,
16.194875,,1501.734,,,,,,
16.197875,,1501.234,,,,,,
16.2015,,1500.234,,,,,,
16.3705,995.016,,,,,,,
16.373625,995.516,,,,,,,
16.374625,1002.016,,,,,,,
16.37675,1002.516,,,,,,,
16.3775,1010.516,,,,,,,
16.379625,1011.516,,,,,,,
16.380625,1020.016,,,,,,,
16.38275,1029.531,,,,,,,
16.3845,1039.031,,,,,,,
16.386625,1049.531,,,,,,,
16.38775,1057.047,,,,,,,
16.3885,1057.547,,,,,,,
16.3895,1072.047,,,,,,,
16.390625,1083.547,,,,,,,
16.391625,1095.562,,,,,,,
16.39275,1107.062,,,,,,,
16.393875,1118.562,,,,,,,
16.3945,1131.078,,,,,,,
16.395625,1143.078,,,,,,,
16.396625,1154.094,,,,,,,
16.39775,1167.594,,,,,,,
16.398875,1180.094,,,,,,,
16.3995,1192.609,,,,,,,
16.400625,1207.609,,,,,,,
16.401625,1221.625,,,,,,,
16.40275,1235.125,,,,,,,
16.403875,1250.625,,,,,,,
16.4045,1264.641,,,,,,,
16.405625,1278.641,,,,,,,
16.406625,1294.156,,,,,,,
16.40775,1309.156,,,,,,,
16.40875,1323.672,,,,,,,
16.4095,1340.172,,,,,,,
16.410625,1354.688,,,,,,,
16.411625,1371.688,,,,,,,
16.412625,1387.203,,,,,,,
16.41375,1403.203,,,,,,,
16.414875,1420.719,,,,,,,
16.4155,1437.219,,,,,,,
16.416625,1454.734,,,,,,,
16.417625,1470.234,,,,,,,
16.41875,1486.25,,,,,,,
16.41975,1500.234,,,,,,,
16.6185,1504.735,,,,,,,
16.62075,1505.235,,,,,,,
16.622625,1512.235,,,,,,,
16.62475,1512.735,,,,,,,
16.6265,1520.751,,,,,,,
16.629625,1527.251,,,,,,,
16.6315,1527.751,,,,,,,
16.6325,1535.251,,,,,,,
16.634625,1535.751,,,,,,,
16.63575,1543.251,,,,,,,
16.6375,1543.751,,,,,,,
16.6385,1553.767,,,,,,,
16.640625,1560.767,,,,,,,
16.64275,1567.268,,,,,,,
16.644625,1575.268,,,,,,,
16.646625,1583.284,,,,,,,
16.6485,1591.284,,,,,,,
16.65075,1598.784,,,,,,,
16.6525,1608.285,,,,,,,
16.65475,1618.3,,,,,,,
16.656625,1628.301,,,,,,,
16.65875,1636.301,,,,,,,
16.660625,1645.301,,,,,,,
16.662875,1655.317,,,,,,,
16.664625,1665.818,,,,,,,
16.6665,1675.318,,,,,,,
16.667625,1676.318,,,,,,,
16.66875,1684.834,,,,,,,
16.6695,1685.334,,,,,,,
16.6705,1694.334,,,,,,,
16.671625,1694.834,,,,,,,
16.67275,1704.334,,,,,,,
16.674625,1714.85,,,,,,,
16.6765,1724.851,,,,,,,
16.678625,1734.351,,,,,,,
16.67975,1735.351,,,,,,,
16.680875,1745.351,,,,,,,
16.68275,1753.867,,,,,,,
16.683875,1754.867,,,,,,,
16.6845,1763.867,,,,,,,
16.685625,1764.367,,,,,,,
16.68675,1775.368,,,,,,,
16.688625,1784.384,,,,,,,
16.6905,1793.884,,,,,,,
16.69275,1802.884,1501.234,,,,,,
16.694625,1812.885,,,,,,,
16.69675,1822.4,,,,,,,
16.698625,1831.901,,,,,,,
16.700625,1841.401,,,,,,,
16.70275,1851.417,,,,,,,
16.704625,1860.917,,,,,,,
16.70675,1870.418,,,,,,,
16.708625,1878.918,,,,,,,
16.7105,1888.434,,,,,,,
16.7115,1888.934,,,,,,,
16.712625,1898.434,,,,,,,
16.7145,1909.434,,,,,,,
16.716625,1919.45,,,,,,,
16.71775,1919.95,,,,,,,
16.7185,1928.951,,,,,,,
16.719625,1929.451,,,,,,,
16.72075,1937.451,,,,,,,
16.7215,1944.951,,,,,,,
16.723625,1953.467,,,,,,,
16.72475,1953.967,,,,,,,
16.7255,1965.467,,,,,,,
16.727625,1974.468,,,,,,,
16.728625,1974.968,,,,,,,
16.72975,1984.484,1501.734,,,,,,
16.7315,1993.484,,,,,,,
16.733625,2002.484,,,,,,,
16.734625,2002.984,,,,,,,
16.73575,2012,,,,,,,
16.74675,,1501.234,,,,,,
16.7535,,1500.234,,,,,,
16.96375,2007.484,,,,,,,
16.9645,2006.984,,,,,,,
16.9685,2006.484,,,,,,,
16.97075,1998.984,,,,,,,
16.9725,1998.484,,,,,,,
16.97475,1990.484,,,,,,,
16.977625,1983.484,,,,,,,
16.9795,1982.983,,,,,,,
16.9805,1976.968,,,,,,,
16.981625,1976.468,,,,,,,
16.98375,1967.467,,,,,,,
16.9855,1959.967,,,,,,,
16.987625,1952.967,,,,,,,
16.98975,1945.451,,,,,,,
16.9915,1936.451,,,,,,,
16.993625,1927.951,,,,,,,
16.99475,1926.951,,,,,,,
16.99575,1919.95,,,,,,,
16.9965,1919.45,,,,,,,
16.997625,1908.934,,,,,,,
16.998625,1908.434,,,,,,,
16.99975,1898.434,,,,,,,
17.0015,1889.434,,,,,,,
17.0025,1883.434,,,,,,,
17.003625,1882.934,,,,,,,
17.00475,1872.918,,,,,,,
17.00575,1872.418,,,,,,,
17.0065,1863.917,,,,,,,
17.0075,1863.417,,,,,,,
17.008625,1851.917,,,,,,,
17.00975,1851.417,,,,,,,
17.01075,1841.401,,,,,,,
17.0115,1840.901,,,,,,,
17.0125,1829.901,,,,,,,
17.014625,1818.9,,,,,,,
17.016875,1806.884,,,,,,,
17.0175,1800.884,,,,,,,
17.018625,1792.384,,,,,,,
17.019625,1783.384,,,,,,,
17.02075,1770.868,,,,,,,
17.02175,1759.367,,,,,,,
17.0225,1745.851,,,,,,,
17.0235,1733.851,,,,,,,
17.024625,1717.35,,,,,,,
17.025625,1700.334,,,,,,,
17.02675,1682.334,,,,,,,
17.027875,1662.817,,,,,,,
17.0285,1639.301,,,,,,,
17.029625,1614.285,,,,,,,
17.030625,1584.284,,,,,,,
17.031625,1549.252,,,,,,,
17.03275,1512.235,,,,,,,
17.033875,1480.734,,,,,,,
17.034625,1444.719,,,,,,,
17.035625,1419.719,,,,,,,
17.036625,1403.203,,,,,,,
17.03775,1395.703,,,,,,,
17.0385,1396.203,,,,,,,
17.0395,1417.203,,,,,,,
17.040625,1440.719,,,,,,,
17.041625,1473.234,,,,,,,
17.042625,1501.734,,,,,,,
17.04375,1535.751,,,,,,,
17.044875,1564.768,,,,,,,
17.0455,1583.284,,,,,,,
17.046625,1592.284,,,,,,,
17.048625,1582.784,,,,,,,
17.04975,1565.768,,,,,,,
17.050875,1538.251,,,,,,,
17.0515,1505.235,,,,,,,
17.052625,1480.734,,,,,,,
17.053625,1452.734,,,,,,,
17.054625,1431.219,,,,,,,
17.05575,1420.219,,,,,,,
17.05675,1419.719,,,,,,,
17.0575,1428.219,,,,,,,
17.0585,1444.219,,,,,,,
17.059625,1470.234,,,,,,,
17.060625,1500.234,,,,,,,
17.061875,1522.251,,,,,,,
17.0625,1546.751,,,,,,,
17.063625,1564.268,,,,,,,
17.06475,1572.268,,,,,,,
17.0655,1571.768,,,,,,,
17.0665,1563.768,,,,,,,
17.067625,1546.751,,,,,,,
17.068625,1522.251,,,,,,,
17.06975,1500.234,,,,,,,
17.07075,1475.234,,,,,,,
17.0715,1453.234,,,,,,,
17.0725,1440.719,,,,,,,
17.073625,1440.219,,,,,,,
17.07575,1454.734,,,,,,,
17.076375,1476.734,,,,,,,
17.0775,1500.234,,,,,,,
17.0785,1520.751,,,,,,,
17.079625,1540.251,,,,,,,
17.080625,1552.767,,,,,,,
17.08175,1553.267,,,,,,,
17.0835,1542.251,,,,,,,
17.084625,1524.751,,,,,,,
17.085625,1500.234,,,,,,,
17.086625,1486.25,,,,,,,
17.08775,1467.734,,,,,,,
17.0885,1454.734,,,,,,,
17.091625,1470.234,,,,,,,
17.09275,1488.75,,,,,,,
17.09375,1503.734,,,,,,,
17.0945,1523.251,,,,,,,
17.0955,1537.751,,,,,,,
17.0965,1544.251,,,,,,,
17.0975,1543.751,,,,,,,
17.098625,1534.751,,,,,,,
17.099625,1519.251,,,,,,,
17.10075,1500.234,,,,,,,
17.101875,1487.75,,,,,,,
17.1025,1473.234,,,,,,,
17.103625,1464.734,,,,,,,
17.10575,1472.234,,,,,,,
17.10675,1486.25,,,,,,,
17.1075,1500.234,,,,,,,
17.1085,1515.735,,,,,,,
17.109625,1528.251,,,,,,,
17.110625,1529.251,,,,,,,
17.1125,1528.251,,,,,,,
17.1135,1509.735,,,,,,,
17.1145,1500.234,,,,,,,
17.115625,1484.75,,,,,,,
17.116625,1475.234,,,,,,,
17.11775,1474.734,,,,,,,
17.1185,1475.234,,,,,,,
17.1195,1489.75,,,,,,,
17.1205,1500.234,,,,,,,
17.121625,1512.735,,,,,,,
17.122625,1521.751,,,,,,,
17.1255,1512.235,,,,,,,
17.126625,1500.234,,,,,,,
17.127625,1491.75,,,,,,,
17.128625,1482.734,,,,,,,
17.12975,1482.234,,,,,,,
17.1305,1482.734,,,,,,,
17.1315,1496.75,,,,,,,
17.132625,1501.234,,,,,,,
17.133625,1512.735,,,,,,,
17.13575,1513.235,,,,,,,
17.1365,1512.735,,,,,,,
17.1375,1500.234,,,,,,,
17.138625,1494.75,,,,,,,
17.139625,1487.25,,,,,,,
17.141875,1493.75,,,,,,,
17.1425,1500.234,,,,,,,
17.143625,1505.235,,,,,,,
17.144625,1513.235,,,,,,,
17.1475,1500.234,,,,,,,
17.1485,1496.25,,,,,,,
17.149625,1489.75,,,,,,,
17.15175,1499.75,,,,,,,
17.15275,1501.234,,,,,,,
17.1535,1507.235,,,,,,,
17.156625,1500.234,,,,,,,
17.15775,1496.25,,,,,,,
17.15875,1495.25,,,,,,,
17.1595,1496.25,,,,,,,
17.1605,1500.234,,,,,,,
17.161625,1504.735,,,,,,,
17.16475,1500.234,,,,,,,
17.168625,1502.234,,,,,,,
17.1715,1500.234,,,,,,,
17.344625,,,,1506.235,,,,
17.34775,,,,1513.235,,,,
17.3495,,,,1519.251,,,,
17.35175,,,,1527.251,,,,
17.353625,,,,1534.251,,,,
17.35575,,,,1543.251,,,,
17.3575,,,,1553.267,,,,
17.359625,,,,1562.768,,,,
17.36175,,,,1571.268,,,,
17.3625,,,,1571.768,,,,
17.3635,,,,1581.268,,,,
17.364625,,,,1581.768,,,,
17.365625,,,,1590.284,,,,
17.36675,,,,1590.784,,,,
17.3675,,,,1600.784,,,,
17.369625,,,,1609.785,,,,
17.37175,,,,1619.801,,,,
17.3735,,,,1620.301,,,,
17.374625,,,,1631.301,,,,
17.37675,,,,1638.801,,,,
17.3785,,,,1644.801,,,,
17.380625,,,,1652.817,,,,
17.38275,,,,1659.317,,,,
17.384625,,,,1665.818,,,,
17.3865,,,,1672.818,,,,
17.38875,,,,1673.318,,,,
17.389875,,,,1681.318,,,,
17.391625,,,,1681.834,,,,
17.39275,,,,1688.834,,,,
17.394625,,,,1694.834,,,,
17.3965,,,,1700.834,,,,
17.398625,,,,1701.334,,,,
17.39975,,,,1711.335,,,,
17.40275,,,,1719.35,,,,
17.4045,,,,1725.351,,,,
17.40675,,,,1731.851,,,,
17.408625,,,,1738.351,,,,
17.410875,,,,1745.351,,,,
17.412625,,,,1752.867,,,,
17.4145,,,,1759.367,,,,
17.416625,,,,1766.868,,,,
17.4185,,,,1774.868,,,,
17.42075,,,,1782.884,,,,
17.4225,,,,1789.384,,,,
17.42475,,,,1798.384,,,,
17.4265,,,,1806.384,,,,
17.42875,,,,1814.4,,,,
17.4295,,,,1814.9,,,,
17.430625,,,,1822.4,,,,
17.4325,,,,1831.401,,,,
17.434625,,,,1841.401,,,,
17.43675,,,,1848.917,,,,
17.43775,,,,1849.417,,,,
17.4385,,,,1858.917,,,,
17.440625,,,,1867.417,,,,
17.442875,,,,1875.918,,,,
17.444625,,,,1884.434,,,,
17.446625,,,,1893.434,,,,
17.44775,,,,1893.934,,,,
17.448875,,,,1902.934,,,,
17.450625,,,,1911.934,,,,
17.452625,,,,1919.95,,,,
17.454875,,,,1929.451,,,,
17.456625,,,,1937.951,,,,
17.45875,,,,1947.467,,,,
17.4605,,,,1955.967,,,,
17.462625,,,,1963.967,,,,
17.46475,,,,1971.968,,,,
17.465875,,,,1972.468,,,,
17.4665,,,,1981.983,,,,
17.468625,,,,1988.984,,,,
17.4705,,,,1996.984,,,,
17.472625,,,,2004.484,,,,
17.47475,,,,2010.984,,,,
17.4765,,,,2012,,,,
17.81175,,,,2005.484,,,,
17.8125,,,,2004.984,,,,
17.814625,,,,2004.484,,,,
17.81575,,,,1997.484,,,,
17.817625,,,,1996.984,,,,
17.81875,,,,1990.484,,,,
17.820625,,,,1989.484,,,,
17.821625,,,,1981.983,,,,
17.82275,,,,1980.983,,,,
17.824625,,,,1971.968,,,,
17.8265,,,,1964.467,,,,
17.827625,,,,1963.967,,,,
17.828625,,,,1957.467,,,,
17.82975,,,,1956.967,,,,
17.8305,,,,1947.967,,,,
17.831625,,,,1947.467,,,,
17.83275,,,,1938.451,,,,
17.834625,,,,1927.451,,,,
17.83575,,,,1926.951,,,,
17.836875,,,,1915.95,,,,
17.8375,,,,1908.434,,,,
17.838625,,,,1899.934,,,,
17.83975,,,,1890.934,,,,
17.8405,,,,1880.433,,,,
17.841625,,,,1867.917,,,,
17.84275,,,,1856.417,,,,
17.843875,,,,1843.901,,,,
17.844625,,,,1831.901,,,,
17.845875,,,,1817.9,,,,
17.8465,,,,1801.884,,,,
17.847625,,,,1785.884,,,,
17.84875,,,,1766.868,,,,
17.8495,,,,1747.867,,,,
17.850625,,,,1728.851,,,,
17.851625,,,,1710.335,,,,
17.85275,,,,1689.334,,,,
17.8535,,,,1669.318,,,,
17.854625,,,,1648.301,,,,
17.85575,,,,1623.301,,,,
17.856875,,,,1598.784,,,,
17.8575,,,,1573.768,,,,
17.858625,,,,1548.251,,,,
17.859625,,,,1521.751,,,,
17.86075,,,,1500.234,,,,
17.8615,,,,1484.75,,,,
17.8625,,,,1477.234,,,,
17.864625,,,,1489.25,,,,
17.865625,,,,1500.234,,,,
17.86675,,,,1510.235,,,,
17.8675,,,,1516.235,,,,
17.869625,,,,1507.735,,,,
17.870625,,,,1500.234,,,,
17.87175,,,,1494.25,,,,
17.87275,,,,1493.75,,,,
17.8735,,,,1494.25,,,,
17.8745,,,,1500.734,,,,
17.875625,,,,1509.235,,,,
17.878875,,,,1500.234,,,,
17.8795,,,,1495.25,,,,
17.881625,,,,1500.234,,,,
17.88275,,,,1504.735,,,,
17.8855,,,,1500.234,,,,
17.894625,,,,1501.234,,,,
17.89675,,,,1500.734,,,,
17.8975,,,,1500.234,,,,
17.904625,,,,1500.734,,,,
17.905625,,,,1500.234,,,,
17.9095,,,,1501.234,,,,
17.910625,,,,1500.734,,,,
17.911625,,,,1500.234,,,,
18.0335,,,,1497.75,,,,
18.0345,,,,1497.25,,,,
18.036625,,,,1496.75,,,,
18.03775,,,,1490.25,,,,
18.0385,,,,1489.75,,,,
18.040625,,,,1482.234,,,,
18.041625,,,,1481.734,,,,
18.043875,,,,1474.734,,,,
18.0445,,,,1473.734,,,,
18.046625,,,,1464.734,,,,
18.04875,,,,1463.734,,,,
18.0495,,,,1455.234,,,,
18.050625,,,,1454.234,,,,
18.051625,,,,1447.719,,,,
18.05375,,,,1446.719,,,,
18.0545,,,,1436.219,,,,
18.056625,,,,1435.719,,,,
18.057625,,,,1427.219,,,,
18.05975,,,,1419.719,,,,
18.0615,,,,1412.203,,,,
18.063625,,,,1402.703,,,,
18.065625,,,,1394.203,,,,
18.0675,,,,1383.188,,,,
18.0695,,,,1375.688,,,,
18.070625,,,,1369.688,,,,
18.07275,,,,1359.188,,,,
18.07375,,,,1358.688,,,,
18.0745,,,,1349.172,,,,
18.0755,,,,1348.172,,,,
18.076625,,,,1336.672,,,,
18.077625,,,,1336.172,,,,
18.078625,,,,1325.672,,,,
18.07975,,,,1324.672,,,,
18.080875,,,,1314.156,,,,
18.0815,,,,1307.656,,,,
18.0825,,,,1307.156,,,,
18.083625,,,,1296.156,,,,
18.084625,,,,1295.156,,,,
18.08575,,,,1285.141,,,,
18.0865,,,,1279.141,,,,
18.087625,,,,1272.641,,,,
18.088625,,,,1266.141,,,,
18.08975,,,,1265.641,,,,
18.09075,,,,1256.141,,,,
18.0915,,,,1250.125,,,,
18.0925,,,,1249.125,,,,
18.093625,,,,1237.625,,,,
18.094625,,,,1231.125,,,,
18.095625,,,,1224.625,,,,
18.09775,,,,1214.109,,,,
18.0995,,,,1202.109,,,,
18.1005,,,,1201.609,,,,
18.1015,,,,1191.109,,,,
18.1025,,,,1184.594,,,,
18.103625,,,,1184.094,,,,
18.104625,,,,1173.594,,,,
18.106625,,,,1163.094,,,,
18.108625,,,,1152.578,,,,
18.109625,,,,1151.578,,,,
18.110625,,,,1143.078,,,,
18.111625,,,,1142.578,,,,
18.112625,,,,1133.578,,,,
18.113625,,,,1133.078,,,,
18.114625,,,,1124.078,,,,
18.115875,,,,1123.578,,,,
18.1165,,,,1114.562,,,,
18.117625,,,,1114.062,,,,
18.11875,,,,1106.062,,,,
18.1205,,,,1097.062,,,,
18.122625,,,,1088.062,,,,
18.124375,,,,1087.562,,,,
18.1255,,,,1077.547,,,,
18.1265,,,,1077.047,,,,
18.127625,,,,1070.047,,,,
18.12975,,,,1069.547,,,,
18.130375,,,,1060.047,,,,
18.132625,,,,1059.047,,,,
18.133625,,,,1051.531,,,,
18.13475,,,,1051.031,,,,
18.13575,,,,1044.031,,,,
18.1365,,,,1043.531,,,,
18.138625,,,,1034.031,,,,
18.14075,,,,1033.531,,,,
18.14175,,,,1026.031,,,,
18.1425,,,,1025.531,,,,
18.1445,,,,1017.016,,,,
18.146625,,,,1016.516,,,,
18.147625,,,,1008.516,,,,
18.148625,,,,1007.516,,,,
18.15075,,,,1000.016,,,,
18.151875,,,,999.516,,,,
18.153625,,,,992.016,,,,
18.15575,,,,991.516,,,,
18.15675,,,,988,,,,
18.4035,,,,989.016,,,,
18.4045,,,,996.516,,,,
18.406625,,,,997.016,,,,
18.40775,,,,1006.016,,,,
18.4105,,,,1014.016,,,,
18.411625,,,,1014.516,,,,
18.412625,,,,1022.031,,,,
18.414875,,,,1031.531,,,,
18.416625,,,,1040.031,,,,
18.417625,,,,1040.531,,,,
18.418625,,,,1051.031,,,,
18.4205,,,,1062.047,,,,
18.422625,,,,1075.047,,,,
18.423625,,,,1081.547,,,,
18.42475,,,,1089.062,,,,
18.42575,,,,1098.062,,,,
18.4265,,,,1107.062,,,,
18.4275,,,990.016,1114.562,,,,
18.428625,,,,1125.578,,,,
18.429625,,,,1135.078,,,,
18.43075,,,997.516,1147.578,,,,
18.431375,,,,1162.594,,,,
18.4325,,,,1177.594,,,,
18.4335,,,,1191.609,,,,
18.434625,,,998.016,1207.609,,,,
18.435625,,,,1223.125,,,,
18.43675,,,,1243.125,,,,
18.4375,,,998.516,1265.641,,,,
18.4385,,,,1288.156,,,,
18.439625,,,,1318.672,,,,
18.440625,,,,1357.688,,,,
18.441625,,,,1404.703,,,,
18.44275,,,999.016,1461.234,,,,
18.4435,,,,1514.735,,,,
18.4445,,,,1572.768,,,,
18.445625,,,,1621.301,,,,
18.446625,,,999.516,1653.317,,,,
18.44775,,,,1673.818,,,,
18.44875,,,,1674.818,,,,
18.4495,,,,1673.818,,,,
18.4505,,,1000.516,1644.801,,,,
18.451625,,,,1608.785,,,,
18.452625,,,,1559.767,,,,
18.45375,,,,1502.734,,,,
18.45475,,,,1456.234,,,,
18.4555,,,,1408.703,,,,
18.456625,,,,1372.688,,,,
18.457625,,,,1352.688,,,,
18.45875,,,,1344.172,,,,
18.45975,,,,1353.188,,,,
18.4605,,,,1374.688,,,,
18.4615,,,,1411.703,,,,
18.462625,,,1001.016,1458.234,,,,
18.463625,,,,1502.734,,,,
18.46475,,,,1554.267,,,,
18.46575,,,,1595.284,,,,
18.4665,,,,1625.301,,,,
18.4675,,,,1640.801,,,,
18.469625,,,,1633.801,,,,
18.47075,,,,1609.785,,,,
18.4715,,,,1576.268,,,,
18.4725,,,1001.516,1531.751,,,,
18.473625,,,1001.016,1490.75,,,,
18.474625,,,,1444.219,,,,
18.47575,,,1001.516,1408.703,,,,
18.476875,,,,1385.203,,,,
18.477625,,,1001.016,1375.188,,,,
18.47975,,,1001.516,1395.203,,,,
18.4805,,,,1425.719,,,,
18.481625,,,,1466.234,,,,
18.48275,,,,1502.734,,,,
18.48375,,,,1547.751,,,,
18.4845,,,,1582.268,,,,
18.4855,,,,1606.785,,,,
18.486625,,,,1617.8,,,,
18.487625,,,,1617.3,,,,
18.48875,,,,1601.284,,,,
18.48975,,,,1577.268,,,,
18.4905,,,,1543.251,,,,
18.4915,,,,1500.234,,,,
18.492625,,,,1467.734,,,,
18.493625,,,,1433.719,,,,
18.49475,,,,1410.203,,,,
18.495875,,,,1399.703,,,,
18.4965,,,1001.016,,,,,
18.4975,,,,1415.203,,,,
18.498625,,,,1441.219,,,,
18.49975,,,,1477.234,,,,
18.50075,,,,1508.235,,,,
18.501875,,,,1544.751,,,,
18.5025,,,,1573.768,,,,
18.503625,,,,1590.784,,,,
18.504625,,,,1597.784,,,,
18.50575,,,,1590.784,,,,
18.506875,,,,1573.268,,,,
18.5075,,,,1546.751,,,,
18.508625,,,,1512.735,,,,
18.509625,,,,1484.25,,,,
18.51075,,,,1452.734,,,,
18.511875,,,1001.516,1429.719,,,,
18.5125,,,1001.016,1420.719,,,,
18.514625,,,,1434.219,,,,
18.51575,,,,1459.234,,,,
18.5165,,,,1491.75,,,,
18.5175,,,,1517.751,,,,
18.5185,,,1001.516,1548.251,,,,
18.519625,,,,1567.768,,,,
18.520625,,,,1578.268,,,,
18.52175,,,,1577.268,,,,
18.5225,,,,1564.768,,,,
18.523625,,,,1542.751,,,,
18.524625,,,,1512.735,,,,
18.525625,,,,1487.75,,,,
18.52675,,,1001.016,1460.734,,,,
18.5275,,,1001.516,1442.719,,,,
18.5285,,,,1435.219,,,,
18.529625,,,1001.016,,,,,
18.530625,,,,1453.234,,,,
18.53175,,,1001.516,1477.734,,,,
18.53275,,,,1500.234,,,,
18.5335,,,1001.016,1528.751,,,,
18.5345,,,1001.516,1549.252,,,,
18.535625,,,,1562.768,,,,
18.536625,,,,1562.268,,,,
18.537625,,,,1553.267,,,,
18.53875,,,,1535.251,,,,
18.539875,,,,1509.235,,,,
18.5405,,,,1489.25,,,,
18.541625,,,,1466.234,,,,
18.542625,,,,1452.734,,,,
18.5455,,,1001.016,1472.734,,,,
18.5465,,,1001.516,1497.75,,,,
18.5475,,,,1515.735,,,,
18.548625,,,1001.016,1535.751,,,,
18.549625,,,,1547.751,,,,
18.55075,,,1001.516,,,,,
18.5525,,,,1526.251,,,,
18.5535,,,,1503.734,,,,
18.554625,,,1001.016,1487.75,,,,
18.555625,,,1001.516,1468.734,,,,
18.556625,,,1001.016,1461.234,,,,
18.558875,,,,1472.234,,,,
18.5595,,,,1491.75,,,,
18.560625,,,,1506.735,,,,
18.561625,,,1001.516,1526.751,,,,
18.562625,,,1001.016,1538.251,,,,
18.5645,,,,1537.751,,,,
18.5655,,,,1518.751,,,,
18.566625,,,,1500.234,,,,
18.567625,,,,1485.25,,,,
18.568625,,,,1471.234,,,,
18.56975,,,,1470.734,,,,
18.5705,,,,1471.234,,,,
18.5715,,,,1488.25,,,,
18.572625,,,1001.516,1501.234,,,,
18.573625,,,1001.016,1519.251,,,,
18.57475,,,,1530.251,,,,
18.5765,,,1001.516,1529.751,,,,
18.577625,,,1001.016,1512.235,,,,
18.578625,,,,1500.234,,,,
18.57975,,,,1483.234,,,,
18.58075,,,1001.516,1476.234,,,,
18.5825,,,,1487.25,,,,
18.583625,,,,1500.234,,,,
18.584625,,,,1514.735,,,,
18.58575,,,,1524.751,,,,
18.586875,,,1001.016,,,,,
18.5875,,,1001.516,,,,,
18.588625,,,,1505.235,,,,
18.589625,,,1001.016,1497.75,,,,
18.59075,,,,1484.25,,,,
18.59175,,,1001.516,1483.234,,,,
18.5925,,,,1484.25,,,,
18.593625,,,1001.016,1500.234,,,,
18.594625,,,,1508.235,,,,
18.59575,,,1001.516,1518.751,,,,
18.5985,,,,1502.234,,,,
18.599625,,,,1495.25,,,,
18.600625,,,,1487.25,,,,
18.6025,,,,1495.25,,,,
18.6035,,,,1500.734,,,,
18.6045,,,1001.016,1512.735,,,,
18.60775,,,,1502.734,,,,
18.6085,,,,1498.75,,,,
18.6095,,,,1490.25,,,,
18.611625,,,,1500.234,,,,
18.612625,,,,1503.734,,,,
18.61375,,,,1512.235,,,,
18.6155,,,,1504.735,,,,
18.616625,,,,1500.234,,,,
18.617625,,,,1494.25,,,,
18.6195,,,,1500.234,,,,
18.6205,,,,1503.734,,,,
18.621625,,,,1504.235,,,,
18.62475,,,,1499.25,,,,
18.627625,,,,1500.234,,,,
18.628625,,,,1507.235,,,,
18.6305,,,,1500.234,,,,
18.6315,,,,1499.75,,,,
18.634625,,,,1502.234,,,,
18.6375,,,,1500.234,,,,
18.64075,,,,1501.234,,,,
18.6435,,,,1500.234,,,,
18.64675,,,,1501.734,,,,
18.6485,,,,1500.234,,,,
18.6525,,,,1501.734,,,,
18.6535,,,,1501.234,,,,
18.654625,,,,1500.234,,,,
18.65675,,,,1500.734,,,,
18.6575,,,,1500.234,,,,
18.668625,,,1001.516,,,,,
18.6705,,,1001.016,,,,,
18.6715,,,1001.516,,,,,
18.678625,,,1001.016,,,,,
18.680875,,,1001.516,,,,,
18.6815,,,1001.016,,,,,
18.7165,,,1001.516,,,,,
18.717625,,,1001.016,,,,,
18.718625,,,1001.516,,,,,
18.720875,,,1001.016,,,,,
18.7745,,,1001.516,,,,,
18.775625,,,1001.016,,,,,
18.78675,,,1001.516,,,,,
18.787875,,,1001.016,,,,,
18.788625,,,1001.516,,,,,
18.7905,,,1001.016,,,,,
18.7915,,,1001.516,,,,,
18.804375,,,1001.016,,,,,
18.8055,,,1001.516,,,,,
18.811875,,,1001.016,,,,,
18.82075,,,1001.516,,,,,
18.822625,,,1001.016,,,,,
18.82375,,,1001.516,,,,,
18.826625,,,1001.016,,,,,
18.870875,,,1001.516,,,,,
18.872625,,,1001.016,,,,,
18.8765,,,1001.516,,,,,
18.879625,,,1001.016,,,,,
18.8825,,,1001.516,,,,,
18.883625,,,1001.016,,,,,
18.88575,,,1001.516,,,,,
18.887625,,,1001.016,,,,,
18.889625,,,1001.516,,,,,
18.89075,,,1001.016,,,,,
18.8925,,,1001.516,,,,,
18.89575,,,1001.016,,,,,
18.8965,,,1001.516,,,,,
18.90675,,,1001.016,,,,,
18.9075,,,1001.516,,,,,
18.9085,,,1001.016,,,,,
18.94775,,,1000.516,,,,,
18.9585,,,999.516,,,,,
18.984625,,,999.016,,,,,
18.993625,,,993.016,,,,,
18.994625,,,992.516,,,,,
18.9965,,,988,,,,,
19.922625,,,,,2012,,,
20.704625,,,,,988,,,
29.608375,,,,,,,2012,
30.0975,,,,,,2012,,
30.87575,,,,,,1500,,
31.15975,,,,,,,988,
31.625375,,,,,,988,,
37.230625,,,,,2012,,,
39.0015,,,,,988,,,
45.215125,,,,,,,,input device lost
