# The Radiomaster Pocket over USB, RF off, its ADC filter Off: two seconds of slow circles.
# Made from crates/input/tests/traces/pocket-adc-filter-off-30.csv (its header says which run and stretch), through the
# built-in Pack's Input Device profile, uncalibrated, by crates/input/tests/input_tracks.rs.
# Device: EdgeTX Radiomaster Pocket Joystick; heartbeat: off.
# Times are Simulation Time at 8 kHz from the trace's first poll; Channels in µs.
time (s),roll (µs),pitch (µs),throttle (µs),yaw (µs),arm (µs),flight mode (µs),crash flip (µs),event
0,1500.234,1500.234,988,1500.234,988,988,988,
0.001125,,,989.016,,,,,
0.004125,,,990.516,,,,,
0.00525,,,989.516,,,,,
0.007125,,,988,,,,,
0.00825,,,990.516,,,,,
0.009,,,988,,,,,
0.01,,,989.516,,,,,
0.012125,,,989.016,,,,,
0.014,,,989.516,,,,,
0.01725,,,988,,,,,
0.018,,,989.516,,,,,
0.020125,,,988,,,,,
0.021125,,,989.516,,,,,
0.023,,,988,,,,,
0.024,,,989.516,,,,,
0.025,,,989.016,,,,,
0.026125,,,988,,,,,
0.027125,,,989.016,,,,,
0.03,,,989.516,,,,,
0.031125,,,989.016,,,,,
0.03325,,,989.516,,,,,
0.033875,,,989.016,,,,,
0.035,,,989.516,,,,,
0.036,,,989.016,,,,,
0.038125,,,989.516,,,,,
0.04,,,988,,,,,
0.041,,,989.016,,,,,
0.043125,,,990.016,,,,,
0.04525,,,989.016,,,,,
0.047125,,,989.516,,,,,
0.048125,,,989.016,,,,,
0.04925,,,989.516,,,,,
0.051,,,989.016,,,,,
0.053125,,,989.516,,,,,
0.05425,,,989.016,,,,,
0.056,,,989.516,,,,,
0.057,,,989.016,,,,,
0.059125,,,989.516,,,,,
0.061,,,989.016,,,,,
0.063125,,,989.516,,,,,
0.064125,,,989.016,,,,,
0.06525,,,988,,,,,
0.067,,,989.516,,,,,
0.07025,,,990.016,,,,,
0.07125,,,988,,,,,
0.072,,,989.016,,,,,
0.073,,,989.516,,,,,
0.074125,,,989.016,,,,,
0.078,,,990.016,,,,,
0.079125,,,988,,,,,
0.080125,,,989.016,,,,,
0.082,,,988,,,,,
0.083,,,989.516,,,,,
0.084125,,,989.016,,,,,
0.08525,,,988,,,,,
0.086,,,989.516,,,,,
0.088125,,,989.016,,,,,
0.09,,,989.516,,,,,
0.091125,,,989.016,,,,,
0.094125,,,988,,,,,
0.09525,,,989.516,,,,,
0.096,,,988,,,,,
0.097,,,989.016,,,,,
0.10025,,,988,,,,,
0.101,,,989.016,,,,,
0.102,,,988,,,,,
0.103,,,989.516,,,,,
0.104125,,,989.016,,,,,
0.108,,,989.516,,,,,
0.109125,,,988,,,,,
0.11025,,,989.016,,,,,
0.11125,,,990.016,,,,,
0.112,,,989.016,,,,,
0.113125,,,989.516,,,,,
0.114125,,,989.016,,,,,
0.118,,,989.516,,,,,
0.120125,,,988,,,,,
0.122,,,989.516,,,,,
0.123,,,989.016,,,,,
0.124125,,,989.516,,,,,
0.125125,,,989.016,,,,,
0.130125,,,990.016,,,,,
0.131125,,,989.016,,,,,
0.13225,,,988,,,,,
0.134,,,989.516,,,,,
0.136125,,,988,,,,,
0.13725,,,989.516,,,,,
0.137875,,,989.016,,,,,
0.139,,,989.516,,,,,
0.14,,,988,,,,,
0.141125,,,989.516,,,,,
0.142125,,,989.016,,,,,
0.14325,,,989.516,,,,,
0.144,,,988,,,,,
0.145,,,989.516,,,,,
0.146125,,,989.016,,,,,
0.14825,,,989.516,,,,,
0.149,,,989.016,,,,,
0.15125,,,990.016,,,,,
0.152,,,989.016,,,,,
0.154125,,,988,,,,,
0.154875,,,989.016,,,,,
0.156,,,990.016,,,,,
0.157125,,,989.016,,,,,
0.15825,,,989.516,,,,,
0.159,,,989.016,,,,,
0.16125,,,989.516,,,,,
0.162,,,989.016,,,,,
0.163125,,,988,,,,,
0.16425,,,990.016,,,,,
0.165,,,989.016,,,,,
0.166125,,,988,,,,,
0.16725,,,989.516,,,,,
0.168,,,989.016,,,,,
0.169125,,,988,,,,,
0.170125,,,989.516,,,,,
0.171375,,,989.016,,,,,
0.172,,,990.016,,,,,
0.173125,,,989.516,,,,,
0.175,,,990.016,,,,,
0.176125,,,989.516,,,,,
0.17725,,,988,,,,,
0.178,,,989.516,,,,,
0.18025,,,989.016,,,,,
0.182125,,,988,,,,,
0.18325,,,989.016,,,,,
0.185,,,989.516,,,,,
0.186125,,,989.016,,,,,
0.187375,,,989.516,,,,,
0.19025,,,990.016,,,,,
0.191,,,989.516,,,,,
0.192125,,,989.016,,,,,
0.194,,,989.516,,,,,
0.196125,,,990.016,,,,,
0.197125,,,989.516,,,,,
0.19825,,,989.016,,,,,
0.201,,,988,,,,,
0.202125,,,989.516,,,,,
0.205,,,990.016,,,,,
0.206,,,989.016,,,,,
0.212,,,989.516,,,,,
0.213125,,,989.016,,,,,
0.214125,,,988,,,,,
0.21525,,,989.016,,,,,
0.217,,,990.016,,,,,
0.218125,,,989.516,,,,,
0.22025,,,989.016,,,,,
0.222,,,989.516,,,,,
0.223125,,,989.016,,,,,
0.22525,,,989.516,,,,,
0.226,,,989.016,,,,,
0.228125,,,989.516,,,,,
0.23025,,,989.016,,,,,
0.231,,,989.516,,,,,
0.232,,,988,,,,,
0.233125,,,989.016,,,,,
0.234125,,,988,,,,,
0.23525,,,989.016,,,,,
0.237,,,990.016,,,,,
0.238125,,,988,,,,,
0.239125,,,989.016,,,,,
0.24025,,,989.516,,,,,
0.241,,,989.016,,,,,
0.242,,,988,,,,,
0.243125,,,990.016,,,,,
0.244125,,,989.516,,,,,
0.24525,,,989.016,,,,,
0.245875,,,989.516,,,,,
0.247,,,990.016,,,,,
0.248,,,990.516,,,,,
0.249125,,,989.016,,,,,
0.255125,,,990.016,,,,,
0.25625,,,989.016,,,,,
0.258,,,989.516,,,,,
0.259125,,,989.016,,,,,
0.260125,,,989.516,,,,,
0.262,,,989.016,,,,,
0.26425,,,989.516,,,,,
0.265,,,989.016,,,,,
0.266125,,,988,,,,,
0.26725,,,989.016,,,,,
0.268,,,989.516,,,,,
0.269,,,989.016,,,,,
0.270125,,,990.016,,,,,
0.270875,,,989.016,,,,,
0.273,,,990.016,,,,,
0.274125,,,989.016,,,,,
0.27625,,,989.516,,,,,
0.278,,,989.016,,,,,
0.279125,,,989.516,,,,,
0.28125,,,989.016,,,,,
0.282,,,989.516,,,,,
0.285125,,,989.016,,,,,
0.28625,,,989.516,,,,,
0.287,,,989.016,,,,,
0.288,,,988,,,,,
0.289125,,,989.516,,,,,
0.290125,,,989.016,,,,,
0.29125,,,989.516,,,,,
0.29225,,,990.016,,,,,
0.294,,,989.016,,,,,
0.296125,,,989.516,,,,,
0.29725,,,989.016,,,,,
0.298,,,988,,,,,
0.299,,,989.516,,,,,
0.301125,,,989.016,,,,,
0.30225,,,989.516,,,,,
0.304,,,990.016,,,,,
0.306125,,,989.516,,,,,
0.30725,,,989.016,,,,,
0.309,,,989.516,,,,,
0.312125,,,990.016,,,,,
0.312875,,,990.516,,,,,
0.314,,,989.516,,,,,
0.316125,,,990.016,,,,,
0.31825,,,990.516,,,,,
0.319,,,989.516,,,,,
0.32,,,990.016,,,,,
0.321125,,,990.516,,,,,
0.322125,,,989.516,,,,,
0.32325,,,990.516,,,,,
0.324,,,990.016,,,,,
0.32625,,,990.516,,,,,
0.328125,,,991.516,,,,,
0.329125,,,993.516,,,,,
0.330375,,,996.016,,,,,
0.331125,,,999.516,,,,,
0.332125,,,1003.516,,,,,
0.333375,,,1006.516,,,,,
0.334,,,1011.016,,,,,
0.335125,,,1015.016,,,,,
0.33625,,,1018.016,,,,,
0.337,,,1021.532,,,,,
0.338125,,,1023.032,,,,,
0.33925,,,1026.032,,,,,
0.34,,,1030.032,,,,,
0.341125,,,1033.532,,,,,
0.34225,,,1037.032,,,,,
0.343,,,1040.032,,,,,
0.344125,,,1044.532,,,,,
0.345125,,,1048.532,,,,,
0.346375,,,1051.032,,,,,
0.347125,,,1054.032,,,,,
0.348125,,,1057.548,,,,,
0.34925,,,1061.048,,,,,
0.35,,,1063.048,,,,,
0.351125,,,1066.548,,,,,
0.35225,,,1068.548,,,,,
0.353,,,1071.048,,,,,
0.354125,,,1074.048,,,,,
0.355125,,,1075.548,,,,,
0.355875,,,1078.048,,,,,
0.357,,,1080.548,,,,,
0.358125,,,1083.548,,,,,
0.35925,,,1086.048,,,,,
0.36,,,1087.564,,,,,
0.361125,,,1091.564,,,,,
0.36225,,,1093.064,,,,,
0.363,,,1095.564,,,,,
0.364,,,1098.564,,,,,
0.365125,,,1100.564,,,,,
0.36625,,,1103.564,,,,,
0.367,,,1105.564,,,,,
0.368125,,,1109.564,,,,,
0.36925,,,1112.564,,,,,
0.37,,,1114.564,,,,,
0.371,,,1118.064,,,,,
0.372125,,,1122.08,,,,,
0.37325,,,1124.58,,,,,
0.374,,,1128.58,,,,,
0.375,,,1131.58,,,,,
0.376125,,,1134.58,,,,,
0.377125,,,1137.58,,,,,
0.37825,,,1139.58,,,,,
0.379,,,1143.58,,,,,
0.38,,,1147.581,,,,,
0.381,,,1150.581,,,,,
0.382125,,,1153.596,,,,,
0.383125,,1501.734,1157.096,,,,,
0.38425,,1502.734,1160.096,,,,,
0.385,,1503.734,1163.096,,,,,
0.386,,1504.735,1166.596,,,,,
0.387,,1505.235,1169.597,,,,,
0.388125,,1507.235,1172.597,,,,,
0.389125,,1509.235,1175.597,,,,,
0.39025,,1510.235,1180.097,,,,,
0.391,,1512.735,1183.097,,,,,
0.392,,1513.735,1186.612,,,,,
0.393125,,1515.735,1189.612,,,,,
0.394125,,1517.751,1193.113,,,,,
0.39525,,1519.251,1196.613,,,,,
0.396375,,1521.751,1201.113,,,,,
0.397125,,1523.751,1204.113,,,,,
0.398125,,1527.251,1207.613,,,,,
0.398875,,1527.751,1210.613,,,,,
0.4,,1531.251,1213.113,,,,,
0.401125,1501.234,1532.251,1219.113,,,,,
0.40225,1502.234,1535.251,1221.629,,,,,
0.403,1502.734,1537.751,1226.129,,,,,
0.404125,,1539.751,1230.629,,,,,
0.40525,1503.734,1542.251,1234.129,,,,,
0.406,1504.735,1545.751,1239.129,,,,,
0.407125,1505.235,1549.252,1242.629,,,,,
0.408125,,1552.267,1246.629,,,,,
0.40925,1506.735,1554.267,1251.129,,,,,
0.41,1507.235,1557.267,1255.645,,,,,
0.411125,1507.735,1559.767,1261.145,,,,,
0.412375,,1562.268,1265.645,,,,,
0.413,1510.235,1565.768,1269.145,,,,,
0.414125,1510.735,1568.268,1274.145,,,,,
0.415375,,1571.268,1279.145,,,,,
0.416,1512.735,1574.268,1283.145,,,,,
0.417125,1513.235,1577.268,1289.161,,,,,
0.418375,1514.235,1580.268,1294.161,,,,,
0.419125,1513.735,1582.784,1299.161,,,,,
0.420125,1515.235,1586.784,1304.661,,,,,
0.421,1516.751,1589.784,1308.661,,,,,
0.422125,,1593.284,1314.661,,,,,
0.423125,1518.251,1596.284,1320.677,,,,,
0.424375,1519.751,1599.284,1325.677,,,,,
0.425,,1602.784,1330.677,,,,,
0.426125,,1605.284,1336.677,,,,,
0.42725,1521.251,1609.785,1342.677,,,,,
0.428,,1612.785,1348.177,,,,,
0.429125,1523.251,1615.285,1354.193,,,,,
0.43025,1523.751,1619.301,1359.693,,,,,
0.431,1524.751,1620.801,1365.693,,,,,
0.432125,1525.251,1625.801,1372.193,,,,,
0.43325,1526.751,1628.801,1377.193,,,,,
0.434,1527.251,1632.301,1382.194,,,,,
0.435125,1526.751,1634.301,1388.209,,,,,
0.43625,1528.251,1637.801,1395.709,,,,,
0.437375,1527.251,1640.301,1401.709,,,,,
0.438125,1529.751,1643.301,1407.71,,,,,
0.439125,1530.751,1645.801,1412.71,,,,,
0.44,,1649.817,1418.725,,,,,
0.441,1531.751,1653.317,1424.725,,,,,
0.442125,1532.251,1657.317,1431.226,,,,,
0.44325,1531.751,1659.317,1437.726,,,,,
0.444,1533.751,1662.817,1442.726,,,,,
0.445125,1533.251,1665.818,1449.226,,,,,
0.44625,1533.751,1668.318,1454.741,,,,,
0.447,1534.751,1671.318,1461.242,,,,,
0.448,1533.751,1673.818,1467.242,,,,,
0.449125,1535.251,1676.818,1473.242,,,,,
0.45025,1535.751,1679.818,1480.242,,,,,
0.451,1536.251,1682.334,1485.258,,,,,
0.452125,,1685.834,1491.258,,,,,
0.45325,1537.251,1687.834,1496.258,,,,,
0.454,,1690.834,1502.742,,,,,
0.455125,,1694.334,1508.242,,,,,
0.456125,1538.251,1696.334,1513.742,,,,,
0.45725,1537.751,1699.834,1520.258,,,,,
0.458,,1702.334,1525.258,,,,,
0.459125,,1706.834,1532.258,,,,,
0.46025,,1709.335,1537.258,,,,,
0.461,1538.251,1710.835,1543.258,,,,,
0.462125,1538.751,1715.35,1548.759,,,,,
0.46325,,1716.35,1554.274,,,,,
0.464,,1719.35,1559.774,,,,,
0.46525,,1721.851,1565.774,,,,,
0.466375,1539.251,1724.351,1569.775,,,,,
0.467125,1540.251,1727.351,1577.275,,,,,
0.468125,1538.751,1730.351,1583.29,,,,,
0.469375,1539.251,1733.351,1588.79,,,,,
0.47,,1736.851,1593.79,,,,,
0.471125,1540.751,1738.351,1599.291,,,,,
0.47225,,1740.851,1606.291,,,,,
0.473,1539.251,1744.351,1611.291,,,,,
0.474125,1540.251,1748.367,1617.306,,,,,
0.475125,,1751.367,1621.307,,,,,
0.475875,1541.251,1753.867,1627.807,,,,,
0.477,1540.251,1757.867,1632.807,,,,,
0.478125,1540.751,1760.367,1639.307,,,,,
0.47925,,1762.367,1644.307,,,,,
0.48,1541.251,1765.867,1650.323,1501.234,,,,
0.481125,1541.751,1768.868,1655.823,1500.234,,,,
0.48225,1541.251,1771.868,1661.823,,,,,
0.483,1540.251,1775.368,1666.823,,,,,
0.484,1540.751,1777.868,1671.823,,,,,
0.485125,1541.251,1780.368,1678.323,,,,,
0.486375,1540.751,1784.884,1684.839,1500.734,,,,
0.487,,1786.384,1691.339,1500.234,,,,
0.488125,,1788.884,1696.839,,,,,
0.48925,1541.751,1791.884,1703.339,,,,,
0.49,1540.751,1796.884,1709.839,1501.234,,,,
0.491125,,1799.384,1717.355,1500.734,,,,
0.49225,1542.251,1801.884,1723.855,1500.234,,,,
0.493,1540.751,1804.884,1730.355,,,,,
0.494125,1541.251,1809.884,1737.355,,,,,
0.49525,1540.751,1811.385,1743.355,,,,,
0.496,,1814.4,1749.871,,,,,
0.497125,,1817.9,1757.371,,,,,
0.498125,,1819.9,1763.871,,,,,
0.499375,1541.751,1824.401,1770.371,,,,,
0.5,1539.251,1826.901,1777.871,,,,,
0.501125,1538.751,1829.401,1785.387,,,,,
0.50225,1540.251,1833.401,1791.387,,,,,
0.503,1539.251,1836.401,1799.387,,,,,
0.504125,1540.751,1838.901,1806.387,,,,,
0.505125,1538.751,1842.901,1813.388,,,,,
0.506375,1539.251,1844.401,1820.403,,,,,
0.507125,1540.251,1848.417,1827.903,,,,,
0.508125,1539.251,1851.417,1834.904,,,,,
0.509375,1538.751,1855.417,1841.904,,,,,
0.510125,1538.251,1858.917,1849.419,,,,,
0.511125,1538.751,1860.417,1856.42,,,,,
0.51225,1537.751,1863.917,1864.92,,,,,
0.513,1538.251,1866.917,1869.92,,,,,
0.514125,1537.751,1870.918,1876.42,,,,,
0.51525,,1873.418,1884.436,,,,,
0.516,1537.251,1876.418,1892.936,,,,,
0.517125,1537.751,1879.933,1899.936,,,,,
0.51825,1534.751,1882.434,1907.436,,,,,
0.519,1535.751,1884.934,1914.952,,,,,
0.520125,,1888.934,1921.452,,,,,
0.521125,1534.751,1891.934,1928.452,,,,,
0.5225,,1895.434,1935.452,,,,,
0.52325,1533.751,1898.934,1941.952,,,,,
0.524,1532.751,1900.934,1948.968,,,,,
0.525125,,1903.934,1955.468,,,,,
0.52625,,1907.934,1963.468,,,,,
0.527,1531.751,1912.434,1970.968,,,,,
0.528,,1914.45,1977.968,,,,,
0.529125,1530.751,1916.45,1983.484,,,,,
0.53025,1530.251,1919.95,1991.984,,,,,
0.531,,1923.95,1998.984,,,,,
0.532125,1528.251,1926.451,2005.984,,,,,
0.53325,1527.751,1930.451,2012,,,,,
0.534,1527.251,1932.951,,,,,,
0.535125,,1935.951,,,,,,
0.536125,1526.251,1938.951,,,,,,
0.53725,1524.751,1941.451,,,,,,
0.538,,1945.451,,,,,,
0.539125,1523.751,1948.967,,,,,,
0.54025,1521.751,1951.967,,,,,,
0.541,1522.251,1953.967,,,,,,
0.542125,1520.751,1956.467,,,,,,
0.54325,1519.751,1957.967,,,,,,
0.544,,1961.467,,1501.234,,,,
0.545,1518.251,1965.467,,,,,,
0.546125,1516.751,1967.967,,1501.734,,,,
0.54725,1516.235,1970.967,,1502.234,,,,
0.548,1515.235,1973.468,,1502.734,,,,
0.549125,1514.235,1976.468,,1505.235,,,,
0.55025,1513.235,1979.983,,1506.735,,,,
0.551,1511.235,1982.483,,1507.235,,,,
0.552125,1509.735,1985.484,,,,,,
0.553125,,1988.484,,1507.735,,,,
0.553875,1509.235,1991.484,,1508.235,,,,
0.555,1508.235,1995.484,,1510.235,,,,
0.556125,1505.735,1996.984,,1510.735,,,,
0.557125,1505.235,2000.984,,1511.735,,,,
0.55825,1503.734,2002.484,,1513.235,,,,
0.559,1502.234,2006.484,,1516.235,,,,
0.56,,2008.484,,,,,,
0.561125,1501.234,2010.484,,1518.251,,,,
0.562125,1500.234,2012,,1519.251,,,,
0.56325,,,,1521.251,,,,
0.564,,,,1522.751,,,,
0.565,,,,1523.751,,,,
0.566125,,,,1524.751,,,,
0.56725,,,,1526.251,,,,
0.568,,,,1528.251,,,,
0.569,,,,1529.251,,,,
0.570125,,,,1530.251,,,,
0.571125,1498.75,,,1532.251,,,,
0.57225,1496.75,,,1533.751,,,,
0.572875,1493.75,,,1534.251,,,,
0.574,1492.25,,,1535.751,,,,
0.575,1489.75,,,1537.751,,,,
0.576125,1487.25,,,1540.251,,,,
0.577125,1485.25,,,1540.751,,,,
0.57825,1480.734,,,,,,,
0.579,1479.734,,,1544.751,,,,
0.58,1477.234,,,1543.251,,,,
0.581125,1474.734,,,1545.751,,,,
0.582125,1473.234,,,1548.251,,,,
0.58325,1470.734,,,1548.751,,,,
0.584,1469.734,,,,,,,
0.585,1467.734,,,1550.767,,,,
0.586125,1465.734,,,1550.267,,,,
0.587125,1464.234,,,1552.267,,,,
0.58825,1462.734,,,1553.267,,,,
0.589,1459.734,,,1553.767,,,,
0.59,1459.234,,,1554.767,,,,
0.591125,1456.234,,,1555.267,,,,
0.592125,1454.734,,,1556.267,,,,
0.59325,1453.234,,,1557.267,,,,
0.594,1452.734,,,,,,,
0.595,1449.219,,,1558.767,,,,
0.596,,,,1557.767,,,,
0.597125,,,,1559.267,,,,
0.59825,1445.219,,,1559.767,,,,
0.59925,1444.719,,,1560.267,,,,
0.6,1443.219,,,1560.767,,,,
0.601125,1442.219,,,1561.768,,,,
0.602125,,,,1562.268,,,,
0.603125,1439.719,,,1561.768,,,,
0.60425,1439.219,,,1562.768,,,,
0.605,1438.219,,,1563.268,,,,
0.606,1437.219,,,1564.268,,,,
0.607125,1437.719,,,1564.768,,,,
0.608125,1436.719,,,,,,,
0.609,,,,1565.768,,,,
0.61,1435.719,,,,,,,
0.611125,1434.719,,,1565.268,,,,
0.613,1433.219,,,1565.768,,,,
0.614125,,,,1564.768,,,,
0.61525,1434.719,,,1565.268,,,,
0.615875,1433.219,,,,,,,
0.617,,,,1564.768,,,,
0.618125,1434.719,,,,,,,
0.61925,,,,1565.768,,,,
0.62,1435.219,,,1564.268,,,,
0.621,1434.219,,,1564.768,,,,
0.622125,1435.719,,,1563.268,,,,
0.62325,1435.219,,,1562.768,,,,
0.624,1435.719,,,,,,,
0.625125,1436.719,,,1561.768,,,,
0.62625,1437.719,,,,,,,
0.627,1438.219,,,1560.267,,,,
0.628125,,,,1560.767,,,,
0.62925,1440.719,,,1559.267,,,,
0.63,1442.219,,,1558.767,,,,
0.631125,1442.719,,,1557.767,,,,
0.63225,1444.219,,,1557.267,,,,
0.633,1445.719,,,1556.267,,,,
0.634125,1447.219,,,1554.767,,,,
0.63525,1448.219,,,1554.267,,,,
0.636,1450.219,,,1553.267,,,,
0.637,1452.234,,,1550.767,,,,
0.638125,1452.734,,,1548.751,,,,
0.639125,1455.734,,,,,,,
0.64025,1457.734,,,,,,,
0.641,1459.234,,,1545.251,,,,
0.642,1461.734,,,1543.751,,,,
0.643125,1463.234,,,1542.251,,,,
0.644125,1464.234,,,1540.751,,,,
0.64525,1466.734,,,1537.751,,,,
0.646,1469.734,,,1537.251,,,,
0.647,1471.734,,,1534.751,,,,
0.648125,1472.234,,,1535.251,,,,
0.649125,1475.734,,,1532.751,,,,
0.65025,1476.734,,,1531.251,,,,
0.650875,1478.234,,,1527.251,,,,
0.652,1480.734,,,1524.751,,,,
0.653,1481.734,,,1524.251,,,,
0.654125,1484.25,,,1521.751,,,,
0.655125,1486.75,,,1519.251,,,,
0.65625,1488.75,,,1517.751,,,,
0.657,1492.25,,,1515.735,,,,
0.658,1494.25,,,1513.735,,,,
0.659125,1495.25,,,1510.735,,,,
0.660125,1497.75,,,1509.235,,,,
0.66125,1499.25,,,1507.735,,,,
0.662,,,,1505.235,,,,
0.662375,1500.234,,,,,,,
0.663,,,,1503.734,,,,
0.664125,,,,1501.734,,,,
0.665125,,,,1500.734,,,,
0.66625,,,,1500.234,,,,
0.67125,1501.234,,,,,,,
0.672,1504.235,,,,,,,
0.674125,1504.735,,,,,,,
0.675125,1505.735,,,,,,,
0.67625,1507.735,,,,,,,
0.676875,1510.235,,,,,,,
0.678,1509.735,,,,,,,
0.679,1512.235,,,,,,,
0.680125,1514.235,,,,,,,
0.681125,1515.235,,,,,,,
0.68225,1516.235,,,,,,,
0.682875,1518.251,,,,,,,
0.684,1518.751,,,,,,,
0.685,1520.751,,,,,,,
0.686125,1521.751,,,,,,,
0.687125,1523.251,,,,,,,
0.68825,1524.751,,,,,,,
0.689,1526.251,,,,,,,
0.69,1526.751,,,,,,,
0.691125,1528.251,,,,,,,
0.692125,1530.251,,,,,,,
0.69325,1531.751,,,,,,,
0.694,1532.751,,,,,,,
0.695,1533.751,,,,,,,
0.696125,1535.751,,,,,,,
0.697125,1537.251,,,,,,,
0.69825,1537.751,,,,,,,
0.699,1539.251,,,,,,,
0.700125,1540.251,,,,,,,
0.701125,1540.751,,,,,,,
0.702125,1542.251,,,,,,,
0.70325,1543.751,,,,,,,
0.704,1544.751,,,,,,,
0.705125,1544.251,,,,,,,
0.70625,1546.751,,,,,,,
0.707,1547.751,,,,,,,
0.708125,1549.252,,,,,,,
0.709125,1549.767,,,,,,,
0.710375,1552.267,,,,,,,
0.712125,1554.767,,,,,,,
0.713375,1555.267,,,,,,,
0.714,1555.767,,,,,,,
0.715125,1557.767,,,,,,,
0.71625,1559.267,,,,,,,
0.717,1560.267,,,,,,,
0.718125,1561.267,,,,,,,
0.71925,1562.268,,,,,,,
0.72,1563.268,,,,,,,
0.721125,1564.768,,,,,,,
0.72225,1566.768,,,,,,,
0.723,1567.268,,,,,,,
0.724125,1568.768,,,,,,,
0.72525,1569.768,,,,,,,
0.726,1570.268,,,,,,,
0.727,1572.268,,,,,,,
0.728125,1573.268,,,,,,,
0.73025,1575.268,,,,,,,
0.731,1577.268,,,,,,,
0.732,1578.268,,,,,,,
0.733125,1578.768,,,,,,,
0.734125,1581.268,,,,,,,
0.73525,1581.768,,,,,,,
0.73625,1582.784,,,,,,,
0.737,1584.784,,,,,,,
0.739125,1586.784,,,1501.734,,,,
0.74025,1587.284,,,1500.234,,,,
0.741,,,,1500.734,,,,
0.74125,1589.784,,,,,,,
0.742,1591.284,,,,,,,
0.743,1592.284,,,1501.234,,,,
0.744125,1593.784,,,1500.734,,,,
0.745125,1595.284,,,1502.234,,,,
0.74625,1596.784,,,,,,,
0.747,1598.284,,,1501.734,,,,
0.748,1599.784,,,1503.734,,,,
0.749125,1600.784,,,1502.234,,,,
0.750125,1601.284,,,1502.734,,,,
0.75125,1603.784,,,1504.235,,,,
0.752,1604.784,,,,,,,
0.753,1606.284,,,1504.735,,,,
0.754125,1608.285,,,1505.235,,,,
0.755125,1608.785,,,1507.235,,,,
0.75625,1611.285,,,1507.735,,,,
0.757,,,,1508.235,,,,
0.758,1613.285,,,1509.735,,,,
0.759,1614.785,,,1510.735,,,,
0.760125,1615.8,,,1511.735,,,,
0.76125,1617.8,,,,,,,
0.761875,1618.801,,,1513.235,,,,
0.763,1620.301,,,1514.735,,,,
0.764,1622.801,,,1515.235,,,,
0.765125,1625.301,,,1515.735,,,,
0.766125,1625.801,,,1518.251,,,,
0.76725,1628.301,,,,,,,
0.768,1629.301,,,1519.251,,,,
0.769,1632.301,,,1520.751,,,,
0.770125,1633.801,,,1521.751,,,,
0.771125,,,,1523.251,,,,
0.77225,1636.301,,,1524.251,,,,
0.772875,1637.301,,,1524.751,,,,
0.774,1640.301,,,1527.251,,,,
0.775,1642.301,,,,,,,
0.776125,1642.801,,,1528.251,,,,
0.777125,1645.801,,,1530.251,,,,
0.77825,1646.801,,,1531.251,,,,
0.779,1650.317,,,1532.251,,,,
0.78,1652.317,,,1532.751,,,,
0.781125,,,,1534.751,,,,
0.782125,1655.317,,,1536.751,,,,
0.78325,1657.817,,,,,,,
0.784,1660.317,,,1540.251,,,,
0.785,,,,1540.751,,,,
0.786125,1663.317,,,1542.751,,,,
0.78725,1665.318,,,1543.251,,,,
0.78825,1667.818,,,1545.251,,,,
0.789,1669.318,,,1546.251,,,,
0.79,1670.818,,,1548.251,,,,
0.791125,1672.318,,,1550.767,,,,
0.792125,1675.318,,,1552.267,,,,
0.79325,1676.318,,,1554.267,,,,
0.794,1678.818,,,1556.267,,,,
0.795,1680.318,,,1557.767,,,,
0.796125,1680.818,,,1560.267,,,,
0.797125,1684.334,,,1559.767,,,,
0.797875,1685.834,,,1562.768,,,,
0.799,1687.334,,,1564.268,,,,
0.8,1690.334,,,1566.268,,,,
0.801125,1691.834,,,1568.768,,,,
0.802125,1694.334,,,1570.768,,,,
0.80325,1694.834,,,1572.768,,,,
0.804,1697.334,,,1574.268,,,,
0.805125,1699.334,,,1576.768,,,,
0.806125,1701.334,,,1578.268,,,,
0.807375,1702.834,,,1580.768,,,,
0.808,1705.334,,,1581.768,,,,
0.809125,1707.834,,,1584.784,,,,
0.810375,1708.334,,,1586.784,,,,
0.811,1710.835,,,1588.284,,,,
0.812125,1713.835,,,1590.284,,,,
0.813125,1714.85,,,1592.784,,,,
0.81425,1717.35,,,1593.784,,,,
0.815,1718.85,,,1595.784,,,,
0.816,1719.85,,,1599.284,,,,
0.817125,1721.851,,,1601.284,,,,
0.818125,1724.851,,,1604.784,,,,
0.81925,1725.851,,,1606.284,,,,
0.82,1727.851,,,1608.785,,,,
0.821,1730.351,,,1611.285,,,,
0.822125,1731.351,,,1612.285,,,,
0.823125,1735.351,,,1615.285,,,,
0.82425,1736.351,,,1617.3,,,,
0.825,1736.851,,,1619.801,,,,
0.826,1738.851,,,1621.301,,,,
0.827125,1741.351,,,1623.301,,,,
0.828125,1742.851,,,1626.801,,,,
0.82925,1744.851,,,1628.301,,,,
0.83025,1745.351,,,1630.801,,,,
0.831,1748.367,,,1633.301,,,,
0.832,1750.367,,,1636.301,,,,
0.833,1752.867,,,1637.801,,,,
0.834125,1753.367,,,1640.301,,,,
0.835125,1754.867,,,1642.301,,,,
0.836125,1758.867,,,1644.801,,,,
0.837125,1759.867,,,1647.301,,,,
0.83825,1761.867,,,1649.817,,,,
0.83925,1763.867,,,1651.817,,,,
0.840375,1765.867,,,1654.817,,,,
0.841,1767.868,,,1658.817,,,,
0.842125,1770.868,,,1661.317,,,,
0.843125,1771.368,,,1664.318,,,,
0.844125,1772.868,,,1665.818,,,,
0.84525,1775.368,,,1669.318,,,,
0.846,1776.868,,,1672.818,,,,
0.847,1778.368,,,1674.818,,,,
0.848125,1780.884,,,1676.318,,,,
0.849125,1782.384,,,1679.318,,,,
0.85025,1784.884,,,1682.334,,,,
0.851,1786.884,,,1684.834,,,,
0.852,1788.884,,,1686.834,,,,
0.853125,1790.384,,,1691.334,,,,
0.85425,1792.384,,,1694.334,,,,
0.85525,1795.384,,,1697.834,,,,
0.856,1796.384,,,1700.334,,,,
0.857,1797.884,,,1702.834,,,,
0.858125,1800.884,,,1706.834,,,,
0.85925,1801.884,,,1709.335,,,,
0.86,1803.884,,,1712.335,,,,
0.861,1805.884,,,1715.35,,,,
0.862125,1806.884,,,1717.85,,,,
0.863125,1809.884,,,1722.851,,,,
0.86425,1810.884,,,1724.851,,,,
0.865,1813.9,,,1727.851,,,,
0.866,1815.9,,,1731.351,,,,
0.867125,1817.4,,,1733.851,,,,
0.868125,1820.4,,,1737.351,,,,
0.86925,1821.9,,,1741.851,,,,
0.87,1823.901,,,1743.851,,,,
0.871,1825.901,,,1746.851,,,,
0.872125,1827.401,,,1750.367,,,,
0.873125,1829.901,,,1753.367,,,,
0.87425,1831.901,,,1756.867,,,,
0.875,1833.401,,,1761.367,,,,
0.876,1834.901,,,1763.867,,,,
0.877125,1835.901,,,1766.868,,,,
0.878125,1839.901,,,1770.868,,,,
0.87925,1841.401,,,1772.868,,,,
0.88,,,,1777.368,,,,
0.88025,1843.401,,,,,,,
0.881,1845.401,,,1780.368,,,,
0.882125,1846.917,,,1783.384,,,,
0.883125,1849.917,,,1786.884,,,,
0.88425,1851.917,,,1789.884,,,,
0.88525,1852.917,,,1794.384,,,,
0.886,1854.917,,,1797.384,,,,
0.887,1856.917,,,1801.884,,,,
0.888125,1858.917,,,1804.884,,,,
0.88925,1860.917,,,1808.384,,,,
0.89025,1863.917,,,1811.385,,,,
0.891,1864.917,,,1815.4,,,,
0.892125,1867.417,,,1819.4,,,,
0.893125,1868.918,,,1822.4,,,,
0.89425,1871.418,,,1827.401,,,,
0.894875,1873.918,,,1830.901,,,,
0.896,1874.418,,,1834.401,,,,
0.897,1876.918,,,1838.401,,,,
0.898125,1879.933,,,1841.901,,,,
0.899125,1880.934,,,1844.901,,,,
0.90025,1883.434,,,1848.917,,,,
0.901,1885.434,,,1853.417,,,,
0.902,1886.934,,,1856.417,,,,
0.903,1888.934,,,1860.917,,,,
0.904125,1890.934,,,1864.917,,,,
0.905125,1893.934,,,1868.918,,,,
0.90625,1894.934,,,1872.418,,,,
0.907,1897.434,,,1876.918,,,,
0.908,1900.934,,,1879.933,,,,
0.909125,,,,1883.934,,,,
0.910125,1904.934,,,1888.934,,,,
0.91125,1905.434,,,1891.934,,,,
0.912,1907.934,,,1895.434,,,,
0.913,1909.434,,,1898.934,,,,
0.914125,1911.934,,,1902.934,,,,
0.915125,1914.45,,,1907.434,,,,
0.91625,1916.95,,,1911.934,,,,
0.91725,1919.45,,,1915.95,,,,
0.918,1920.95,,,1919.95,,,,
0.919125,1922.95,,,1923.95,,,,
0.920125,1925.95,,,1927.951,,,,
0.92125,1927.951,,,1932.451,,,,
0.92225,1930.451,,,1935.451,,,,
0.923,1931.951,,,1939.451,,,,
0.924125,1933.951,,,1943.451,,,,
0.925125,1936.951,,,1947.467,,,,
0.92625,1939.451,,,1951.467,,,,
0.927,1939.951,,,1955.467,,,,
0.928,1943.451,,,1959.467,,,,
0.929125,1945.967,,,1963.467,,,,
0.930125,1947.967,,,1966.967,,,,
0.93125,1950.967,,,1970.967,,,,
0.932,1951.967,,,1975.468,,,,
0.933,1956.467,,,1979.483,,,,
0.934125,1956.967,,,1982.983,,,,
0.935125,1959.967,,,1986.484,,,,
0.93625,1962.467,,,1990.984,,,,
0.937,1964.467,,,1993.984,,,,
0.938,1966.467,,,1996.984,,,,
0.939125,1970.467,,,2001.984,,,,
0.940125,1971.468,,,2005.484,,,,
0.94125,1974.968,,,2008.484,,,,
0.941875,1977.468,,,2012,,,,
0.943,1978.983,,,,,,,
0.944,1981.483,,,,,,,
0.945125,1983.484,,,,,,,
0.946125,1987.484,,,,,,,
0.94725,1988.984,,,,,,,
0.948,1990.484,,,,,,,
0.949,1992.984,,,,,,,
0.950125,1995.484,,,,,,,
0.951125,1998.484,,,,,,,
0.95225,2000.984,,,,,,,
0.95325,2002.484,,,,,,,
0.954,2006.984,,,,,,,
0.955,2008.484,,,,,,,
0.956125,2012,,,,,,,
0.957125,2010.984,,,,,,,
0.959,2012,,,,,,,
1.02,,2010.984,,,,,,
1.021125,,2012,,,,,,
1.022125,,2010.984,,,,,,
1.022875,,2012,,,,,,
1.024,,2010.484,,,,,,
1.02625,,2009.984,,,,,,
1.026875,,2009.484,,,,,,
1.03025,,2009.984,,,,,,
1.031,,2008.484,,,,,,
1.032,,2007.984,,,,,,
1.034375,,2008.484,,,,,,
1.036125,,2007.484,,,,,,
1.037375,,2007.984,,,,,,
1.038,,2006.984,,,,,,
1.039125,,2007.484,,,,,,
1.041,,2006.984,,,,,,
1.043125,,2006.484,,,,,,
1.044375,,2006.984,,,,,,
1.045,,2006.484,,,,,,
1.046125,,2006.984,,,,,,
1.04725,,2007.484,,,,,,
1.048,,2005.484,,,,,,
1.049125,,2006.484,,,,,,
1.051,,2004.984,,,,,,
1.052125,,2006.484,,,,,,
1.056125,,2005.484,,,,,,
1.056875,,2004.984,,,,,,
1.061,,2004.484,,,,,,
1.062125,,2004.984,,,,,,
1.063125,,2004.484,,,,,,
1.064,,2005.484,,,,,,
1.065,,2006.984,,,,,,
1.066125,,2004.984,,,,,,
1.067125,,2005.484,,,,,,
1.06825,,2006.984,,,,,,
1.069,,2005.484,,,,,,
1.071125,,2004.984,,,,,,
1.072125,,2006.484,,,,,,
1.073125,,2005.484,,,,,,
1.07425,,2006.484,,,,,,
1.075,,2005.484,,,,,,
1.076,,2006.984,,,,,,
1.077125,,2006.484,,,,,,
1.07925,,2005.484,,,,,,
1.08,,2007.484,,,,,,
1.082125,,2006.984,,,,,,
1.086,,2007.984,,,,,,
1.087,,2007.484,,,,,,
1.088125,,2006.984,,,,,,
1.09025,,2007.484,,,,,,
1.091,,2006.484,,,,,,
1.092,,2006.984,,,,,,
1.093125,,2007.484,,,,,,
1.094125,,2007.984,,,,,,
1.09525,,2006.484,,,,,,
1.096,,2006.984,,,,,,
1.097,,2005.484,,,,,,
1.098,,2007.484,,,,,,
1.099125,,2007.984,,,,,,
1.100875,,2006.484,,,,,,
1.102,,2007.484,,,,,,
1.103,,2006.984,,,,,,
1.104125,,2007.484,,,,,,
1.105125,,2006.984,,,,,,
1.10625,,2007.484,,,,,,
1.109,,2006.484,,,,,,
1.110125,,2007.484,,,,,,
1.111125,,2006.484,,,,,,
1.112125,,2007.484,,,,,,
1.112875,,2006.984,,,,,,
1.115125,,2006.484,,,,,,
1.116125,,2006.984,,,,,,
1.117375,,2005.484,,,,,,
1.118,,2006.484,,,,,,
1.119125,,2005.484,,,,,,
1.12025,,2006.984,,,,,,
1.122125,,2005.484,,,,,,
1.12325,,2006.484,,,,,,
1.124,,2006.984,,,,,,
1.125125,,2005.484,,,,,,
1.127,,2004.984,,,,,,
1.128,,2006.484,,,,,,
1.129125,,2004.484,,,,,,
1.13025,,2006.484,,,,,,
1.131,,2004.984,,,,,,
1.132125,,2004.484,,,,,,
1.135,,2004.984,,,,,,
1.136125,,2003.984,,,,,,
1.137375,,2004.984,,,,,,
1.139125,,2003.984,,,,,,
1.14025,,2004.484,,,,,,
1.141,,2002.984,,,,,,
1.142,,2004.484,,,,,,
1.144125,,2003.984,,,,,,
1.146,,2004.484,,,,,,
1.147,,2003.984,,,,,,
1.149125,,2004.484,,,,,,
1.15025,,2002.984,,,,,,
1.151375,,2003.984,,,,,,
1.153125,,2002.984,,,,,,
1.156,,2002.484,,,,,,
1.157,,2002.984,,,,,,
1.158125,,2004.484,,,,,,
1.159125,,2003.984,,,,,,
1.16025,,2002.484,,,,,,
1.163,,2002.984,,,,,,
1.164125,,2002.484,,,,,,
1.16525,,2001.484,,,,,,
1.165875,,2002.484,,,,,,
1.167,,2001.984,,,,,,
1.168,,2002.984,,,,,,
1.169125,,2002.484,,,,,,
1.170125,,2001.984,,,,,,
1.17125,,2001.484,,,,,,
1.171875,,2002.984,,,,,,
1.173125,,2000.984,,,,,,
1.174125,,1999.484,,,,,,
1.17525,,1999.984,,,,,,
1.176375,,1999.484,,,,,,
1.177,,1999.984,,,,,,
1.178125,,1998.984,,,,,,
1.181375,,1998.484,,,,,,
1.182,,1999.484,,,,,,
1.183125,,1997.484,,,,,,
1.184125,,1996.484,,,,,,
1.18525,,1996.984,,,,,,
1.185875,,1996.484,,,,,,
1.188,,1995.984,,,,,,
1.19125,,1995.484,,,,,,
1.191875,,1992.984,,,,,,
1.193,,1993.984,,,,,,
1.194,,1991.484,,,,,,
1.195125,,1993.484,,,,,,
1.196125,,1990.984,,,,,,
1.197125,,1989.984,,,,,,
1.199,,1988.484,,,,,,
1.2,,1987.984,,,,,,
1.202125,,1987.484,,,,,,
1.20325,,1985.484,,,,,,
1.20425,,1984.484,,,,,,
1.206,,1982.983,,,,,,
1.207125,,1981.983,,,,,,
1.208125,,1980.483,,,,,,
1.20925,,1979.983,,,,,,
1.209875,,1977.968,,,,,,
1.212,,1976.968,,,,,,
1.213,,1974.968,,,,,,
1.214125,,1975.468,,,,,,
1.215125,,1973.468,2011.484,,,,,
1.21625,,1973.968,2010.984,,,,,
1.217,,1971.468,2011.484,,,,,
1.218,,1969.967,2012,,,,,
1.219,,1969.467,2010.484,,,,,
1.220125,,1968.967,2009.484,,,,,
1.221125,,1966.967,,,,,,
1.221875,,1965.967,2008.984,,,,,
1.223,,1965.467,2007.984,,,,,
1.224,,1964.467,2007.484,,,,,
1.225125,,1962.967,2006.984,,,,,
1.226125,,1961.467,2006.484,,,,,
1.22725,,1960.467,2006.984,,,,,
1.228,,1958.467,2005.984,,,,,
1.229,,1957.467,2005.484,,,,,
1.230125,,,2004.484,,,,,
1.231125,,1954.967,,,,,,
1.23225,,1953.967,2003.984,,,,,
1.233,,1952.967,2003.484,,,,,
1.234,,1951.967,2002.984,,,,,
1.235125,,1949.967,2001.984,,,,,
1.236125,,1949.467,,,,,,
1.23725,,1948.467,2000.984,,,,,
1.238,,,2000.484,,,,,
1.23825,,1946.967,,,,,,
1.239,,1945.451,1999.484,,,,,
1.240125,,1943.451,1998.984,,,,,
1.241125,,1941.951,1998.484,,,,,
1.242125,,1940.951,,,,,,
1.243125,,1939.951,1996.984,,,,,
1.244125,,1938.951,,,,,,
1.24525,,1937.951,1995.484,,,,,
1.246,,1934.951,,,,,,
1.247,,,1994.984,,,,,
1.248,,1933.451,1993.984,,,,,
1.249,,1931.951,1993.484,,,,,
1.250125,,1929.951,1992.984,,,,,
1.251125,,1928.951,1992.484,,,,,
1.25225,,1927.951,1990.484,,,,,
1.253,,1926.951,1989.984,,,,,
1.254,,1924.95,1989.484,,,,,
1.255,,1923.95,1988.484,,,,,
1.256,,1920.95,,,,,,
1.258125,,1918.95,1987.984,,,,,
1.259125,,1916.95,1985.984,,,,,
1.26025,,1915.95,1985.484,,,,,
1.261,,1913.45,1984.984,,,,,
1.262,,1912.95,1984.484,,,,,
1.263,,1911.434,1982.984,,,,,
1.264,,1910.434,1982.484,,,,,
1.265,,1906.934,,,,,,
1.266125,,1905.434,1981.984,,,,,
1.267125,,1903.934,1981.484,,,,,
1.268125,,1902.434,1979.984,,,,,
1.269125,,1899.934,1978.984,,,,,
1.27025,,1898.934,1978.468,,,,,
1.271,,1896.434,,,,,,
1.272,,1895.434,1975.968,,,,,
1.273,,1893.434,1976.468,,,,,
1.274,,1890.434,1975.468,,,,,
1.275,,1889.934,1974.468,,,,,
1.276125,,1887.434,,,,,,
1.277125,,1885.934,1971.968,,,,,
1.278125,,1884.434,1972.468,,,,,
1.279125,,1881.934,1971.968,,,,,
1.28025,,1879.418,1969.468,,,,,
1.281,,1877.918,1968.968,,,,,
1.282,,1876.418,1968.468,,,,,
1.283,,1873.918,1967.968,,,,,
1.284125,,1873.418,1966.968,,,,,
1.285125,,1869.418,,,,,,
1.286125,,1866.917,1965.468,,,,,
1.28725,,1865.917,1964.468,,,,,
1.287875,,1863.417,,,,,,
1.289,,1860.417,1962.468,,,,,
1.29,,1858.917,1961.468,,,,,
1.291,,1855.417,1960.968,,,,,
1.292,,1852.417,1959.968,,,,,
1.293,,1851.417,1958.468,,,,,
1.294125,,1848.417,,,,,,
1.295125,,1845.401,1957.968,,,,,
1.296125,,1843.401,1956.468,,,,,
1.29725,,1841.401,1954.968,,,,,
1.29825,,1837.901,1953.968,,,,,
1.299,,1835.901,1953.468,,,,,
1.3,,1833.401,1953.968,,,,,
1.301,,1831.901,1950.968,,,,,
1.302,,1826.901,,,,,,
1.303125,,1824.401,1950.468,,,,,
1.304125,,1821.9,1949.468,,,,,
1.305125,,1819.9,1946.468,,,,,
1.306125,,1816.9,1945.968,,,,,
1.30725,,1814.4,1944.452,,,,,
1.308,,1810.384,1945.452,,,,,
1.309,,1807.884,1943.952,,,,,
1.31,,1804.384,1941.952,,,,,
1.311,,1801.884,,,,,,
1.312,,1799.384,1940.452,,,,,
1.313125,,1796.384,1939.952,,,,,
1.314125,,1793.384,1938.452,,,,,
1.31525,,1790.384,1937.452,,,,,
1.31625,,1787.384,1936.452,,,,,
1.317,,1784.884,1935.452,,,,,
1.318,,1780.368,1933.452,,,,,
1.319125,,1779.368,1932.952,,,,,
1.320125,,1775.368,1932.452,,,,,
1.32125,,1773.368,1930.452,,,,,
1.322,,1769.368,1929.952,,,,,
1.323,,1767.868,1928.452,,,,,
1.324125,,1764.367,1927.952,,,,,
1.325125,,1760.367,1926.452,,,,,
1.32625,,1757.867,1925.452,,,,,
1.32725,,1755.367,1924.952,,,,,
1.328,,1753.367,1921.952,,,,,
1.329125,,1748.867,1921.452,,,,,
1.330125,,1746.851,,,,,,
1.33125,,1743.351,1918.952,,,,,
1.33225,,1740.351,1918.452,,,,,
1.333,,1737.351,1917.452,,,,,
1.334,,1735.351,1915.452,,,,,
1.335,,1732.351,1914.452,,,,,
1.336125,,1727.851,1912.952,,,,,
1.337125,,1725.851,1911.436,,,,,
1.338125,,1721.851,1910.936,,,,,
1.339125,,1719.35,1909.436,,,,,
1.34025,,1715.85,1908.436,,,,,
1.341,,1712.835,1907.436,,,,,
1.342,,1710.335,1905.936,,,,,
1.343,,1705.334,1904.436,,,,,
1.344,,1703.834,1902.436,,,,,
1.345125,,1700.834,1901.436,,,,,
1.346125,,1696.834,1899.936,,,,,
1.347125,,1694.334,1898.936,,,,,
1.348125,,1690.334,1898.436,,,,,
1.34925,,1687.334,1896.436,,,,,
1.35,,1683.334,1894.436,,,,,
1.351,,1681.834,1893.936,,,,,
1.352,,1677.818,1892.936,,,,,
1.353125,,1675.818,1891.436,,,,,
1.354125,,1671.318,1890.936,,,,,
1.35525,,1668.818,1888.936,,,,,
1.356,,1664.818,1886.436,,,,,
1.357125,,1662.317,1885.936,,,,,
1.358125,,1658.317,1885.436,,,,,
1.35925,,1655.317,1882.936,,,,,
1.359875,,1651.317,,,,,,
1.361,,1647.801,1880.435,,,,,
1.362,,1645.801,1879.935,,,,,
1.363125,,1642.301,1878.42,,,,,
1.364125,,1638.801,1876.42,,,,,
1.36525,,1635.301,,,,,,
1.366,,1632.301,1873.92,,,,,
1.367,,1629.301,1872.92,,,,,
1.368125,,1625.801,1871.92,,,,,
1.369125,,1622.301,1869.92,,,,,
1.37025,,1620.301,1868.42,,,,,
1.371,,1615.8,,,,,,
1.372,,1612.785,1865.92,,,,,
1.373,,1609.285,1864.92,,,,,
1.374125,,1607.285,1862.42,,,,,
1.375125,,1603.784,1862.92,,,,,
1.37625,,1599.784,1859.92,,,,,
1.377,,1596.784,1858.92,,,,,
1.378,,1593.784,1858.42,,,,,
1.379125,,1591.284,1856.42,,,,,
1.380125,,1588.284,1854.919,,,,,
1.38125,,1584.784,1853.919,,,,,
1.382,,1581.768,1852.419,,,,,
1.383,,1578.768,1851.419,,,,,
1.384125,,1575.768,1849.419,,,,,
1.385125,,1573.268,1847.919,,,,,
1.38625,,1567.768,,,,,,
1.387,,1566.768,1844.904,,,,,
1.388,,1563.768,1843.904,,,,,
1.389,,1560.267,1842.404,,,,,
1.390125,,1557.767,1840.904,,,,,
1.391125,,1554.267,1839.404,,,,,
1.39225,,1550.767,1837.404,,,,,
1.393,,1547.751,1835.904,,,,,
1.394,,1543.751,1833.904,,,,,
1.395,,1542.251,,,,,,
1.396125,,1538.251,1831.403,,,,,
1.39725,,1535.251,1830.403,,,,,
1.397875,,1532.751,1828.903,,,,,
1.399,,1529.251,1826.903,,,,,
1.4,,1527.251,1825.403,,,,,
1.401125,,1524.251,1823.903,,,,,
1.402125,,1521.251,1822.403,,,,,
1.40325,,1518.251,1820.403,,,,,
1.403875,,1514.735,1818.903,,,,,
1.405,,1512.235,1816.403,,,,,
1.406,,1508.235,1815.403,,,,,
1.407125,,1505.735,1813.388,,,,,
1.408125,,1503.734,1812.388,,,,,
1.40925,,1501.234,1810.388,,,,,
1.409875,,1500.234,1807.888,,,,,
1.411,,,1805.887,,,,,
1.412,,,1804.887,,,,,
1.413125,,,1802.887,,,,,
1.414125,,,1799.887,,,,,
1.41525,,,1798.887,,,,,
1.416,,,1796.387,,,,,
1.417,,,1795.387,,,,,
1.418125,,,1792.887,,,,,
1.419125,,,1791.387,,,,,
1.420125,,,1788.887,,,,,
1.42125,,,1787.887,,,,,
1.422,,,1784.887,,,,,
1.423,,,1782.887,,,,,
1.424,,,1781.387,,,,,
1.425125,,1499.75,1779.371,,,,,
1.426125,,,1775.871,,,,,
1.42725,,1497.75,1773.871,,,,,
1.428,,,1773.371,,,,,
1.429,,1495.75,1771.371,,,,,
1.43,,1496.25,1768.871,,,,,
1.431125,,1494.75,1765.871,,,,,
1.432125,,1493.25,1762.871,,,,,
1.43325,,1491.75,1760.371,,,,,
1.434,,1492.75,1758.871,,,,,
1.435,,1490.25,1756.371,,,,,
1.436125,,1488.75,1753.871,,,,,
1.437125,,1486.75,1751.871,,,,,
1.43825,,1488.25,1749.371,,,,,
1.438875,,1484.75,1746.355,,,,,
1.44,,1485.75,1744.855,,,,,
1.441125,,1482.734,1743.355,,,,,
1.442125,,1481.734,1739.855,,,,,
1.44325,,1481.234,1737.855,,,,,
1.44425,,1479.734,1735.355,,,,,
1.445,,1477.734,1734.355,,,,,
1.446125,,1477.234,1731.355,,,,,
1.447125,,1475.734,1728.855,,,,,
1.44825,,1473.234,1725.355,,,,,
1.44925,,1472.734,1723.355,,,,,
1.45,,1471.234,1721.855,,,,,
1.451,,1470.234,1719.355,,,,,
1.452125,,1468.734,1717.355,,,,,
1.453125,,,1713.339,,,,,
1.45425,,1467.734,1712.339,,,,,
1.455,,1466.234,1709.339,,,,,
1.456,,1464.734,1706.839,,,,,
1.457125,,1463.734,1703.339,,,,,
1.458125,,,1702.839,,,,,
1.45925,,1462.234,1700.339,,,,,
1.46,,,1697.339,,,,,
1.461,,1459.234,1695.839,,,,,
1.462125,,,1692.339,,,,,
1.463125,,1458.734,1689.339,,,,,
1.46425,,1457.234,1687.839,,,,,
1.465,,1454.734,1685.839,,,,,
1.466,,1454.234,1683.339,,,,,
1.467125,,,1681.323,,,,,
1.468125,,1452.734,1677.823,,,,,
1.46925,,1452.234,1675.323,,,,,
1.47,,1449.719,1673.823,,,,,
1.471125,,1449.219,1670.823,,,,,
1.472125,,1449.719,1668.823,,,,,
1.47325,,1447.219,1665.323,,,,,
1.474,,1445.219,1663.323,,,,,
1.475,,1445.719,1660.823,,,,,
1.476125,,1443.219,1658.323,,,,,
1.477125,,,1656.323,,,,,
1.47825,,1442.719,1653.323,,,,,
1.47925,,1441.219,1651.323,,,,,
1.48,,,1647.807,,,,,
1.481125,,1440.719,1645.807,,,,,
1.482125,,1438.219,1642.807,,,,,
1.48325,,1436.719,1639.807,,,,,
1.484,,1437.219,1638.807,,,,,
1.485,,1436.719,1634.807,,,,,
1.486125,,1434.719,1632.807,,,,,
1.487125,,1434.219,1631.307,,,,,
1.48825,,1433.719,1627.807,,,,,
1.489,,1431.719,1624.807,,,,,
1.49,,1431.219,1622.307,,,,,
1.491125,,,1619.807,,,,,
1.492125,,1429.219,1617.306,,,,,
1.49325,,1429.719,1614.791,,,,,
1.493875,,1428.219,1611.791,,,,,
1.495,,1427.719,1610.291,,,,,
1.496,,1426.719,1607.791,,,,,
1.497125,,,1604.291,,,,,
1.498125,,1425.719,1601.791,,,,,
1.49925,,1423.719,1599.791,,,,,
1.5,,,1597.291,,,,,
1.501,,1422.219,1594.291,,,,,
1.502125,,1422.719,1593.29,,,,,
1.503125,,1422.219,1591.29,,,,,
1.50425,,1421.219,1587.29,,,,,
1.50525,,1419.219,1585.79,,,,,
1.506,,,1583.29,,,,,
1.507125,,1418.219,1580.775,,,,,
1.508125,,,1578.775,,,,,
1.50925,,,1575.275,,,,,
1.51,,,1572.775,,,,,
1.51025,,1415.703,,,,,,
1.511,,1414.703,1571.275,,,,,
1.512125,,1414.203,1568.774,,,,,
1.513125,,,1565.774,,,,,
1.51425,,1412.203,1564.274,,,,,
1.515,,1414.203,1562.274,,,,,
1.516,,1412.203,1558.774,,,,,
1.517125,,1411.703,1555.774,,,,,
1.518125,,1410.203,1554.274,,,,,
1.51925,,1409.203,1551.274,,,,,
1.52,,1408.703,1550.274,,,,,
1.521,,1407.703,1546.259,,,,,
1.522125,,1407.203,1543.758,,,,,
1.523125,,1406.703,1541.258,,,,,
1.52425,,,1539.758,,,,,
1.524875,,1405.203,1537.258,,,,,
1.526,,1404.203,1534.758,,,,,
1.527,,,1532.758,,,,,
1.528125,,1403.203,1529.758,,,,,
1.529125,,1402.203,1526.758,,,,,
1.53025,,,1524.258,,,,,
1.531,,1400.703,1522.258,,,,,
1.532,,1399.203,1518.258,,,,,
1.533125,,,1516.758,,,,,
1.534125,,1397.203,1514.742,,,,,
1.535375,,1396.203,1511.242,,,,,
1.536,,,1508.742,,,,,
1.537125,,1395.703,1506.242,,,,,
1.538375,,1394.703,1504.242,,,,,
1.539,,1393.703,1501.242,,,,,
1.540125,,1391.703,1499.258,,,,,
1.54125,,,1496.758,,,,,
1.542,,1390.703,1494.258,,,,,
1.543125,,1390.203,1491.258,,,,,
1.54425,,1389.203,1489.758,,,,,
1.545,,1388.203,1485.258,,,,,
1.546125,,1386.203,1483.758,,,,,
1.547125,,1386.703,1481.742,,,,,
1.54825,,1386.203,1478.242,,,,,
1.549,,1384.703,1476.242,,,,,
1.550125,,1384.188,1473.242,,,,,
1.55125,,1383.688,1470.742,,,,,
1.552,,1381.688,1467.742,,,,,
1.553125,,1381.188,1466.242,,,,,
1.55425,,1379.688,1463.742,,,,,
1.555,,,1459.742,,,,,
1.556125,,1377.688,1457.242,,,,,
1.55725,,1377.188,1454.241,,,,,
1.558,,,1452.241,,,,,
1.559,,1375.688,1448.726,,,,,
1.560125,,1374.688,1445.726,,,,,
1.561375,,1373.188,1443.226,,,,,
1.562,,1371.688,1440.226,,,,,
1.563125,,1371.188,1437.226,,,,,
1.564375,,1370.188,1434.226,,,,,
1.565,,,1431.226,,,,,
1.566125,,1368.688,1428.225,,,,,
1.56725,,1366.188,1424.725,,,,,
1.568,,,1422.225,,,,,
1.569125,,1364.688,1418.725,,,,,
1.57025,,,1415.71,,,,,
1.571,,1362.188,1412.71,,,,,
1.572125,,,1409.71,,,,,
1.57325,,1361.188,1405.209,,,,,
1.574,,1360.188,1403.709,,,,,
1.575125,,1359.688,1399.709,,,,,
1.57625,,1358.188,1396.209,,,,,
1.577,,,1393.209,,,,,
1.578,,1354.688,1389.709,,,,,
1.579125,,,1384.709,,,,,
1.580375,,,1382.194,,,,,
1.581,,1352.688,1378.193,,,,,
1.582125,,1352.188,1375.193,,,,,
1.58325,,1351.172,1370.693,,,,,
1.584,,1350.672,1366.193,,,,,
1.585125,,1349.172,1363.193,,,,,
1.585875,,1347.172,1358.693,,,,,
1.587,,,1355.193,,,,,
1.588125,,1345.672,1351.177,,,,,
1.58925,,1343.672,1346.677,,,,,
1.589875,,1343.172,1342.677,,,,,
1.591,,1341.672,1339.177,,,,,
1.592125,,1341.172,1334.677,,,,,
1.59325,,,1330.677,,,,,
1.594,,1339.172,1326.177,,,,,
1.595125,,1338.172,1322.177,,,,,
1.59625,,,1317.161,,,,,
1.597,,1336.672,1313.661,,,,,
1.598125,,1335.172,1308.661,,,,,
1.599125,,1334.672,1304.161,,,,,
1.60025,,1334.172,1299.661,,,,,
1.601,,1332.672,1296.661,,,,,
1.602125,,1330.672,1292.661,,,,,
1.603125,,,1287.161,,,,,
1.60425,,1329.672,1282.145,,,,,
1.605375,,1329.172,1278.145,,,,,
1.606,,1327.172,1274.145,,,,,
1.607125,,1325.672,1270.145,,,,,
1.608125,,1325.172,1264.645,,,,,
1.60925,,1323.672,1260.645,,,,,
1.61,,1325.172,1255.645,,,,,
1.611,,1322.672,1251.629,,,,,
1.612125,,1320.172,1246.629,,,,,
1.613125,,1320.672,1242.629,,,,,
1.61425,,1318.156,1237.629,,,,,
1.614875,,1316.656,1234.129,,,,,
1.616,,1316.156,1228.629,,,,,
1.617,,,1224.629,,,,,
1.618125,,1314.156,1220.129,,,,,
1.619125,,1312.156,1214.613,,,,,
1.62025,,1311.156,1211.113,,,,,
1.621,,1309.156,1206.613,,,,,
1.622,,1308.156,1200.613,,,,,
1.623125,,1307.156,1195.613,,,,,
1.624125,,1305.156,1190.112,,,,,
1.62525,,1303.156,1186.097,,,,,
1.626,,1302.656,1181.097,,,,,
1.627,,1301.156,1175.597,,,,,
1.628125,,1300.656,1170.097,,,,,
1.629125,,1298.656,1165.596,,,,,
1.63025,,1296.156,1161.096,,,,,
1.631,,1295.156,1155.596,,,,,
1.632,,1293.656,1151.081,,,,,
1.633125,,1291.156,1147.581,,,,,
1.634125,,1289.156,1142.58,,,,,
1.63525,,1289.656,1138.08,,,,,
1.636,,1287.156,1133.58,,,,,
1.637,,1285.141,1129.08,,,,,
1.638,,1284.141,1124.58,,,,,
1.639125,,1282.141,1119.064,,,,,
1.64025,,1280.141,1115.564,,,,,
1.641,,1279.141,1111.564,,,,,
1.642,,1277.141,1105.564,,,,,
1.643125,,1275.141,1102.564,,,,,
1.644125,,1273.641,1098.064,,,,,
1.64525,,1271.141,1093.564,,,,,
1.646,,1270.141,1090.064,,,,,
1.647,,1268.141,1086.048,,,,,
1.648125,,1266.141,1081.048,,,,,
1.649125,,1264.141,1077.048,,,,,
1.650125,,1262.141,1074.548,,,,,
1.65125,,1260.141,1069.548,,,,,
1.652,,1259.141,1065.548,,,,,
1.653,,1257.641,1061.548,,,,,
1.654125,,1255.141,1057.048,,,,,
1.655125,,1253.641,1054.032,,,,,
1.65625,,1251.125,1051.032,,,,,
1.657,,1249.125,1046.032,,,,,
1.658,,1247.125,1042.532,,,,,
1.659125,,1245.625,1037.532,,,,,
1.660125,,1242.125,1034.032,,,,,
1.66125,,1241.625,1031.032,,,,,
1.662,,1239.625,1026.032,,,,,
1.663,,1237.625,1023.032,,,,,
1.664125,,1236.125,1020.016,,,,,
1.665125,,1232.625,1016.516,,,,,
1.66625,,1231.625,1013.016,,,,,
1.66725,,1229.625,1010.016,,,,,
1.668,,1227.125,1006.516,,,,,
1.669125,,1225.625,1002.016,,,,,
1.670125,,1223.625,998.516,,,,,
1.67125,,1221.625,996.516,,,,,
1.672,,1218.609,993.016,,,,,
1.673,,1216.609,990.516,,,,,
1.674,,1215.109,988,,,,,
1.675125,,1212.109,,,,,,
1.676125,,1210.609,,,,,,
1.67725,,1208.109,,,,,,
1.678,,1207.109,,,,,,
1.679,,1203.609,,,,,,
1.680125,,1201.609,,,,,,
1.681125,,1201.109,,,,,,
1.68225,,1198.609,,,,,,
1.683,,1196.609,,,,,,
1.684,,1196.109,,,,,,
1.685125,,1193.109,,,,,,
1.686125,,1190.609,,,,,,
1.686875,,1189.609,,,,,,
1.688,,1186.609,,,,,,
1.689,,1184.094,,,,,,
1.690125,,1182.094,,,,,,
1.691125,,1178.594,,,,,,
1.69225,,1177.594,,,,,,
1.693,,1176.094,,,,,,
1.694,,1173.094,,,,,,
1.695125,,1171.094,,,,,,
1.696125,,1169.094,,,,,,
1.697125,,1168.094,,,,,,
1.69825,,1164.594,,,,,,
1.69925,,1162.594,,,,,,
1.7,,1160.094,,,,,,
1.701,,1159.594,,,,,,
1.702,,1157.594,,,,,,
1.703125,,1154.594,,,,,,
1.704125,,1153.594,,,,,,
1.705125,,1151.578,,,,,,
1.706125,,1148.578,,,,,,
1.70725,,1146.078,,,,,,
1.70825,,1144.578,,,,,,
1.709,,1142.078,,2010.984,,,,
1.71,,1139.078,,2009.984,,,,
1.711,,1138.578,,2009.484,,,,
1.712125,,1136.078,,2007.984,,,,
1.713125,,1133.078,,2007.484,,,,
1.714125,,1132.078,,,,,,
1.71525,,1129.578,,2005.984,,,,
1.71625,,1127.578,,2006.984,,,,
1.717,,1125.078,,2005.984,,,,
1.718,,1123.578,,,,,,
1.719,,1120.578,,2004.484,,,,
1.720125,,1119.562,,2004.984,,,,
1.721125,,1117.062,,2004.484,,,,
1.722125,,1116.062,,2002.984,,,,
1.723125,,1113.062,,,,,,
1.72425,,1110.562,,2001.984,,,,
1.725,,1108.562,,2002.984,,,,
1.726,,1107.062,,2000.484,,,,
1.727,,1105.062,,2001.484,,,,
1.728,,1103.562,,1999.984,,,,
1.729,,1100.562,,,,,,
1.730125,,1099.062,,2000.484,,,,
1.731125,,1096.562,,1999.484,,,,
1.732125,,1094.562,,1997.484,,,,
1.73325,,1090.062,,,,,,
1.73425,,1088.562,,1996.984,,,,
1.735,,1087.047,,,,,,
1.736,,1085.547,,1995.984,,,,
1.737,,1083.047,,,,,,
1.738125,,1080.047,,,,,,
1.739125,,1078.547,,1994.984,,,,
1.740125,,1076.047,,1994.484,,,,
1.741125,,1075.047,,1992.984,,,,
1.74225,,1073.047,,1993.484,,,,
1.742875,,1070.547,,1992.984,,,,
1.744,,1067.047,,,,,,
1.745,,1065.047,,1991.984,,,,
1.746125,,1062.047,,1990.984,,,,
1.747125,,1060.047,,,,,,
1.74825,,1057.547,,1990.484,,,,
1.748875,,1055.547,,1989.484,,,,
1.75,,1052.531,,1988.984,,,,
1.751,,1051.031,,,,,,
1.752125,,1048.031,,,,,,
1.753125,,1045.031,,1987.484,,,,
1.75425,,1042.531,,,,,,
1.755,,1039.531,,,,,,
1.756,,1036.531,,1986.484,,,,
1.757125,,1034.031,,,,,,
1.758125,,1031.031,,1985.984,,,,
1.75925,,1028.031,,1986.484,,,,
1.76,,1026.031,,1984.984,,,,
1.761,,1023.531,,1985.484,,,,
1.762125,,1018.516,,,,,,
1.763125,,1016.016,,1983.484,,,,
1.76425,,1013.016,,,,,,
1.765,,1010.516,,1982.483,,,,
1.766,,1007.516,,1982.983,,,,
1.767125,,1005.016,,,,,,
1.768125,,1002.516,,1982.483,,,,
1.76925,,999.016,,1981.983,,,,
1.77,,997.016,,1980.983,,,,
1.771,,993.516,,,,,,
1.772125,,991.516,,,,,,
1.773125,,988,,1979.983,,,,
1.77425,,,,1979.483,,,,
1.775,,,,1979.983,,,,
1.776,,,,1977.968,,,,
1.778125,,,,1978.468,,,,
1.77925,,,,1976.968,,,,
1.78,,,,1977.468,,,,
1.781,,,,1976.468,,,,
1.783125,,,,1976.968,,,,
1.78425,,,,1976.468,,,,
1.785,,,,1975.468,,,,
1.786,,,,1974.468,,,,
1.787,,,,1974.968,,,,
1.788125,,,,1974.468,,,,
1.789125,,,,1973.968,,,,
1.792,,,,1972.968,,,,
1.794125,,,,1971.968,,,,
1.795125,,,,1972.968,,,,
1.79625,,,,1971.968,,,,
1.798,,,,1971.468,,,,
1.799125,,,,1972.468,,,,
1.800125,,,,1971.468,,,,
1.80125,,,,1970.967,,,,
1.803,,,,1971.468,,,,
1.804,,,,1969.967,,,,
1.805125,,,,1970.967,,,,
1.80825,,,,1969.467,,,,
1.809,,,,1969.967,,,,
1.810125,,,,1969.467,,,,
1.811125,,,,1971.468,,,,
1.81225,,,,1969.467,,,,
1.814,,,,1969.967,,,,
1.816125,,,,1969.467,,,,
1.81725,,,,1968.467,,,,
1.818,,,,1968.967,,,,
1.82125,,,,1969.467,,,,
1.821875,,,,1968.967,,,,
1.824,,,,1969.467,,,,
1.825125,,,,1968.967,,,,
1.826875,,,,1969.467,,,,
1.832125,,,,1969.967,,,,
1.832875,,,,1970.967,,,,
1.834,,,,1969.967,,,,
1.835,,,,1971.468,,,,
1.836125,,,,1970.967,,,,
1.837125,,,,1971.468,,,,
1.83825,,,,1971.968,,,,
1.841,,,,1971.468,,,,
1.842125,,,,1972.468,,,,
1.84425,,,,1972.968,,,,
1.845,,,,1973.968,,,,
1.848125,,,,1974.968,,,,
1.84925,,,,1974.468,,,,
1.851,,,,1974.968,,,,
1.852125,,,,1976.468,,,,
1.853125,,,,1975.468,,,,
1.85425,,,,1976.968,,,,
1.855,,,,1976.468,,,,
1.856,,,,1977.968,,,,
1.85825,,,,1977.468,,,,
1.859,,,,1978.468,,,,
1.861125,,,,1980.483,,,,
1.862125,,,,1979.483,,,,
1.86325,,,,1979.983,,,,
1.864,,,,1981.983,,,,
1.865,,,,1980.483,,,,
1.866125,,,,1980.983,,,,
1.867125,,,,1981.983,,,,
1.868125,,,,1982.483,,,,
1.868875,,,,1983.984,,,,
1.87,,,,1982.983,,,,
1.871,,,,1983.984,,,,
1.872125,,,,1984.984,,,,
1.873125,,,,1985.484,,,,
1.875,,,,1986.484,,,,
1.877,,,,1987.984,,,,
1.88025,,,,1989.484,,,,
1.881,,,,1988.984,,,,
1.882,,,,1989.484,,,,
1.883125,,,,1990.984,,,,
1.884125,,,,1991.484,,,,
1.88525,,,,1991.984,,,,
1.887,,,,1992.984,,,,
1.888,,,,1993.484,,,,
1.889125,,,,1993.984,,,,
1.89125,,,,1994.984,,,,
1.892,,,,1996.484,,,,
1.893,,,,1995.984,,,,
1.894125,,,,1996.984,,,,
1.895125,,,,1997.484,,,,
1.89625,,,,1998.484,,,,
1.898,,,,1997.484,,,,
1.899,,,,1999.484,,,,
1.900125,,,,1998.984,,,,
1.90125,,,,2000.484,,,,
1.906125,,,,2001.484,,,,
1.90725,,,,2000.484,,,,
1.908,,,,2001.984,,,,
1.909,,,,2002.484,,,,
1.91225,,,,2001.984,,,,
1.913,,,,2002.984,,,,
1.914,,,,2001.984,,,,
1.915125,,,,2002.984,,,,
1.916125,,,,2001.984,,,,
1.91725,,,,2003.984,,,,
1.918,,,,2002.984,,,,
1.919,,,,2004.484,,,,
1.920125,,,,2003.984,,,,
1.92225,,,,2004.484,,,,
1.924,,,,2003.984,,,,
1.925125,,,,2004.484,,,,
1.926125,,,,2004.984,,,,
1.929,,,,2004.484,,,,
1.93,,,,2003.984,,,,
1.934,,,,2004.484,,,,
1.935,,,,2003.984,,,,
1.937125,,,,2004.484,,,,
1.93825,,,,2003.984,,,,
1.939,,,,2002.984,,,,
1.941,,,,2002.484,,,,
1.942125,,,,2002.984,,,,
1.943125,,,,2002.484,,,,
1.94425,,,,2001.484,,,,
1.945,,,,2001.984,,,,
1.947125,,,,2002.484,,,,
1.94825,,,,2000.484,,,,
1.950125,,,,2001.484,,,,
1.95125,,,,1999.984,,,,
1.952,,,,2000.484,,,,
1.953,,,,1999.984,,,,
1.954125,,,,1999.484,,,,
1.956,,,,1998.484,,,,
1.958125,,,,1997.484,,,,
1.959125,,,,1995.984,,,,
1.96025,,,,1996.984,,,,
1.960875,,,,1994.984,,,,
1.963,,,,1993.984,,,,
1.964125,,,,1994.484,,,,
1.966125,,,,1993.484,,,,
1.966875,,,,1991.484,,,,
1.969,,,,1990.984,,,,
1.971125,,,,1988.484,,,,
1.973375,,,,1987.984,,,,
1.974125,,,,1986.484,,,,
1.975125,,,,1985.984,,,,
1.97625,,,,1983.984,,,,
1.977,,,,1983.484,,,,
1.978,,,,1982.983,,,,
1.979125,,,,1980.983,,,,
1.980125,,,,1979.983,,,,
1.98125,,,,1979.483,,,,
1.982,,,,1977.968,,,,
1.983,,,,1976.468,,,,
1.984125,,,,1974.968,,,,
1.98625,,,,1972.468,,,,
1.98725,,,,1971.468,,,,
1.988,,,,1969.967,,,,
1.989125,,,,1969.467,,,,
1.990125,,,,1967.467,,,,
1.99125,,,,1965.967,,,,
1.992,,,,1963.967,,,,
1.993,,,,1963.467,,,,
1.994,,,,1960.467,,,,
1.995,,,,1959.467,,,,
1.996125,,,,1957.467,,,,
1.997125,,,,1954.967,,,,
1.99925,,,,1951.467,,,,
2.001,,,,1948.967,,,,
2.002,,,,1945.967,,,,
2.003,,,,1944.951,,,,
2.004,,,,1942.451,,,,
2.005125,,,,1940.951,,,,
2.006125,,,,1938.451,,,,
2.007125,,,,1935.951,,,,
2.008125,,,,1933.951,,,,
2.00925,,,,1932.951,,,,
2.01,,,,1930.951,,,,
2.011,,,,1928.451,,,,
2.012125,,,,1925.95,,,,
2.013125,,,,1924.45,,,,
2.014125,,,,1922.95,,,,
2.015125,,,,1920.45,,,,
2.01625,,,,1917.45,,,,
2.017,,,,1915.95,,,,
2.018,,,,1913.95,,,,
2.019,,,,1911.934,,,,
2.02,,,,1907.934,,,,
2.021125,,,,1905.934,,,,
2.022125,,,,1904.434,,,,
2.023125,,,,1901.934,,,,
2.02425,,,,1899.934,,,,
2.02525,,,,1896.934,,,,
2.026,,,,1893.934,,,,
2.027,,,,1891.934,,,,
2.028,,,,1889.434,,,,
2.029,,,,1886.934,,,,
2.030125,,,,1883.434,,,,
2.031125,,,,1882.934,,,,
2.032125,,,,1878.918,,,,
2.033125,,,,1877.418,,,,
2.03425,,,,1874.418,,,,
2.03525,,,,1871.918,,,,
2.036,,,,1869.918,,,,
2.037,,,,1866.417,,,,
2.038,,,,1864.917,,,,
2.039,,,,1861.917,,,,
2.040125,,,,1858.917,,,,
2.041125,,,,1855.917,,,,
2.04225,,,,1852.917,,,,
2.04325,2010.984,,,1850.417,,,,
2.044,,,,1848.917,,,,
2.045,2009.984,,,1845.401,,,,
2.046125,,,,1843.401,,,,
2.04725,2008.484,,,1839.401,,,,
2.04825,2007.984,,,1837.401,,,,
2.049,2007.484,,,1834.401,,,,
2.05,2006.484,,,1831.901,,,,
2.051125,2004.984,,,1829.901,,,,
2.05225,2003.984,,,1826.401,,,,
2.05325,2001.984,,,1825.401,,,,
2.054,2001.484,,,1820.9,,,,
2.055,,,,1817.4,,,,
2.056125,1999.484,,,1815.4,,,,
2.05725,1998.484,,,1813.385,,,,
2.058,,,,1810.884,,,,
2.059,1996.484,,,1808.384,,,,
2.060125,1995.984,,,1803.884,,,,
2.061125,1993.484,,,1802.384,,,,
2.06225,,,,1799.384,,,,
2.063,1991.484,,,1796.884,,,,
2.064,1990.484,,,1794.384,,,,
2.065125,1988.484,,,1790.884,,,,
2.066125,,,,1788.884,,,,
2.067125,1986.984,,,1785.384,,,,
2.06825,1984.984,,,1783.384,,,,
2.069,1983.484,,,1780.368,,,,
2.07,1982.983,,,1778.368,,,,
2.071125,1981.483,,,1774.868,,,,
2.07225,1980.483,,,1772.368,,,,
2.07325,1978.468,,,1769.368,,,,
2.074,1976.968,,,1766.368,,,,
2.075,1975.968,,,1763.867,,,,
2.076125,1974.468,,,1761.367,,,,
2.07725,1972.968,,,1758.367,,,,
2.078,,,,1755.367,,,,
2.07825,1970.967,,,,,,,
2.079,1969.467,,,1752.367,,,,
2.080125,1968.467,,,1749.367,,,,
2.081125,1967.467,,,1747.351,,,,
2.08225,1965.467,,,1744.351,,,,
2.082875,1962.967,,,1741.351,,,,
2.084,,,,1738.351,,,,
2.085,1960.467,,,1735.851,,,,
2.086125,1959.467,,,1732.851,,,,
2.087125,1957.467,,,1730.851,,,,
2.08825,1954.467,,,1728.351,,,,
2.08925,1953.967,,,1724.851,,,,
2.09,1952.967,,,1722.351,,,,
2.091125,1950.967,,,1719.35,,,,
2.092125,1948.967,,,1715.85,,,,
2.09325,1946.467,,,1712.335,,,,
2.094,1944.951,,,1709.835,,,,
2.095,1943.451,,,1707.334,,,,
2.096125,1942.451,,,1705.834,,,,
2.097125,1939.451,,,1701.334,,,,
2.09825,1937.951,,,1698.334,,,,
2.099,1934.951,,,1695.834,,,,
